ID,Target
ID_3qQWny,0
ID_S4Jc8H,1
ID_pnVWrE,0
ID_3Sg4Pp,0
ID_3yXmKG,1
ID_Zw9sh8,1
ID_4J8YsW,0
ID_3APVX6,1
ID_3ATXLh,1
ID_ixtkkM,1
ID_vcRuYY,0
ID_3DVGtN,1
ID_3DR8RS,1
ID_3ntVrp,1
ID_4URNAT,0
ID_EznLKe,1
ID_YG4Jsg,0
ID_4Nbc2W,1
ID_3Rcc5j,1
ID_Wfyc6T,1
ID_iKSsfD,0
ID_U97MBg,0
ID_36eweL,0
ID_3CSzU2,0
ID_qr4ewj,1
ID_3JNfag,0
ID_4Sr9W5,0
ID_yBTuD4,1
ID_cjqiTg,0
ID_aAFtoh,1
ID_3PH7yr,1
ID_3UvU8X,0
ID_jmP7oY,0
ID_3EeD58,1
ID_4Ddtp6,1
ID_iBG6vV,0
ID_3BeREy,1
ID_SGj4kq,1
ID_3pmWVk,1
ID_4WnkV3,0
ID_D522oG,0
ID_4XKgoS,0
ID_3zdJZV,0
ID_NTjWu4,0
ID_5W35Fo,0
ID_3vV2ZF,1
ID_3FL2xB,0
ID_tdWVDy,0
ID_QAEGZH,0
ID_F2TKCE,1
ID_3jqppZ,0
ID_33WDuG,1
ID_np2mkn,1
ID_4Hwg8p,1
ID_3AzxGZ,0
ID_4Vq6DT,0
ID_45uvxx,1
ID_322UTy,1
ID_3AfZ4J,0
ID_3DLsL3,0
ID_RWsLno,0
ID_4SptCc,0
ID_4NX9mS,0
ID_3C6eD5,0
ID_zog7Qz,1
ID_3sF7MB,0
ID_pdPEB7,1
ID_GNT38E,0
ID_bfTLNv,0
ID_XYHm4U,1
ID_vmKxsr,0
ID_GY2HbT,0
ID_Zu8KYT,1
ID_3gegkQ,1
ID_3ecN2Q,1
ID_q4V4Fx,1
ID_33ZynK,1
ID_47bjvg,1
ID_3DUihs,0
ID_a2BZYA,0
ID_wj2hFS,1
ID_Sz4gXV,0
ID_4E2oWb,0
ID_jkdxsL,1
ID_nf7qYu,1
ID_34EoFq,1
ID_cYEz5H,0
ID_4BcYDK,1
ID_3kj4zU,1
ID_44maPa,1
ID_3EJf95,0
ID_fKUDzT,0
ID_jK7onm,0
ID_3Mziyi,1
ID_3LoFPx,0
ID_3sLgph,1
ID_3Ea3wp,0
ID_3Ge6LF,0
ID_4Go8Fn,1
ID_8uYx2i,1
ID_4NVJnM,1
ID_32NBBP,0
ID_36R5gF,1
ID_3GGkBQ,1
ID_LDA4AG,0
ID_3tas7C,0
ID_3XXcM6,1
ID_njUBTz,0
ID_3t6m9Y,1
ID_notagm,0
ID_4QBQUW,0
ID_LVqLye,0
ID_3MKi9t,1
ID_fBW9RW,0
ID_3xeT8a,1
ID_4VdSH8,0
ID_4TfnGR,1
ID_6HxaWR,1
ID_3gnhzS,0
ID_AKHhsm,0
ID_3jqVvP,0
ID_ikTVqj,0
ID_3rXyHP,0
ID_4Ufcjn,1
ID_RmRbWX,0
ID_sJ799z,1
ID_3gKCF8,1
ID_3M5tUh,0
ID_iMy8wu,1
ID_oWtsYY,1
ID_3irtwx,1
ID_383JB6,1
ID_3xbuuE,0
ID_4C26sK,0
ID_3KPDhm,0
ID_3toCqz,0
ID_36tnvv,0
ID_G53zFy,0
ID_39sd4h,1
ID_3bjQTC,0
ID_3JQxnr,0
ID_3GB7GR,1
ID_Vnxvr3,1
ID_pvMJWV,1
ID_37eHNE,0
ID_HNVPse,1
ID_neUjDe,0
ID_3EPdQV,0
ID_44FoaH,1
ID_4WH9ee,1
ID_4Wfju5,1
ID_3wuWtZ,0
ID_aMWPZq,1
ID_u5vCsz,0
ID_nPeEMo,0
ID_5q9Sfh,1
ID_LQUjf7,0
ID_JSvCrs,0
ID_33dTpT,1
ID_3K5ema,0
ID_428YPE,1
ID_3GNgM8,0
ID_4UnYSv,1
ID_43DSVh,0
ID_458NCL,1
ID_3SQbKU,0
ID_3D5aGA,1
ID_3FEAdH,1
ID_x4cXcT,0
ID_3Dyb7K,1
ID_3VhAiM,0
ID_3nSChx,0
ID_vMcsyM,0
ID_3vyNMZ,1
ID_FGrZEY,0
ID_4JksYN,0
ID_35JR74,0
ID_3YxkGe,1
ID_8VPKVH,0
ID_KgneZn,0
ID_EiDR9b,0
ID_FveevD,1
ID_5hv4jx,1
ID_vHmv37,1
ID_4DLU2E,1
ID_3TA3bg,0
ID_3hKuCm,0
ID_4Njrvj,0
ID_3eUHDc,1
ID_hmBEsq,0
ID_3Y9A5d,1
ID_NjBgyt,1
ID_BYJFvR,0
ID_43QpRH,0
ID_423KDg,1
ID_aD7fPj,1
ID_CSz5Rt,1
ID_4GXn8L,0
ID_3gspSq,1
ID_3mKhTL,0
ID_ahpkvv,1
ID_HV2MCU,0
ID_i3QV9q,1
ID_43cVCn,1
ID_45e4oA,1
ID_33xvW6,1
ID_fqWmix,0
ID_3SwBvi,1
ID_3RvSyY,0
ID_3Lbis6,1
ID_46ac5h,0
ID_42ptG7,1
ID_3wX9nF,0
ID_3W7vyf,1
ID_3ZxJYu,0
ID_4SitXp,0
ID_LcQ8W9,1
ID_47TkXw,0
ID_MniFxj,1
ID_pM752j,0
ID_3JLeLv,0
ID_4SBArk,0
ID_43VPmg,0
ID_49LUGd,1
ID_3zZJWB,0
ID_xYAiWx,1
ID_4GW8wY,0
ID_3Q9XC7,1
ID_35Aqpu,0
ID_3JPS2E,0
ID_33VrPa,0
ID_eFkffj,1
ID_3DK8xZ,1
ID_Ccw9Vh,0
ID_32X6Zs,1
ID_TodNAv,1
ID_TCQ2BM,1
ID_4MBRV8,1
ID_PjmFac,0
ID_46qg6F,0
ID_Hss2BX,0
ID_SdU3kV,0
ID_3yM9kC,1
ID_BCKP7n,1
ID_47bdQ3,0
ID_K9aJfT,0
ID_4HEznT,1
ID_4TNnMy,0
ID_3HXrAX,0
ID_ijBARH,1
ID_3bPMHz,1
ID_PNQrHj,0
ID_4QA6Z7,0
ID_49wF6P,1
ID_3HYW9Z,0
ID_3kGqob,1
ID_3e3aSY,1
ID_3RdURe,0
ID_CLzCpF,1
ID_h2kk76,1
ID_3XWxqu,1
ID_59vuD6,0
ID_49BZ9g,0
ID_ysdGjo,1
ID_nd4GJT,0
ID_ou7Jwt,0
ID_4PvtDg,0
ID_3eEXEg,1
ID_4TjZfN,0
ID_3tj2er,1
ID_H2BTNc,0
ID_DUknNt,0
ID_S26B4Q,1
ID_3AZjWY,0
ID_3SAKC6,0
ID_LdjRoy,1
ID_drGHZ9,0
ID_8hF26m,1
ID_44YWUx,1
ID_4W9Vyv,0
ID_4Qot7d,1
ID_3Bz3ES,1
ID_3Rik9m,1
ID_iczkog,1
ID_4UMCWL,0
ID_Q4b9Bm,0
ID_3iFWED,1
ID_4NcVJs,1
ID_4BkmSJ,1
ID_4TcVhE,1
ID_33D2kT,1
ID_48SzRs,1
ID_36zaSq,0
ID_4LQ2uS,0
ID_4SiaUL,1
ID_icEVRT,1
ID_bq3GzH,1
ID_4KaVWD,0
ID_gyMvtE,0
ID_BfRRvJ,1
ID_Ury2jm,1
ID_4Vuskc,1
ID_3PX2XJ,1
ID_4RJbcc,0
ID_3EHhNU,0
ID_DdY9rX,0
ID_LTqUud,1
ID_3hqS8x,1
ID_4WpCPn,0
ID_PLJWSo,0
ID_RjKdwc,0
ID_4RZwwp,1
ID_3yf6WP,0
ID_3zXgFR,1
ID_wm5VgY,0
ID_aZWPot,0
ID_WtsvkR,1
ID_4RuRNB,0
ID_baBAHN,1
ID_4DDgJt,1
ID_4Nvcoc,0
ID_3Nzvyu,0
ID_3KU99X,0
ID_qqGJWR,0
ID_EQwwnr,1
ID_46UZrf,0
ID_33Ehji,1
ID_4SjuYY,0
ID_3DrKNi,0
ID_oPdG6y,1
ID_4QVyxm,0
ID_NPbjt7,1
ID_3iYA4X,0
ID_3rMYPH,1
ID_epZAPS,0
ID_3qKfge,0
ID_3FEc33,1
ID_3Y3YcP,1
ID_UghySV,0
ID_ToG4m4,0
ID_Nv8asm,0
ID_UTYfqw,1
ID_Y63NMi,0
ID_3yEVr5,0
ID_4PcUoG,0
ID_3Wovd2,0
ID_ny4EYD,0
ID_33jdgt,0
ID_3pwhaK,0
ID_3AYJgM,1
ID_4XwQDQ,0
ID_oskCwE,0
ID_35FYbP,0
ID_YyAkrK,0
ID_7Tkq9p,1
ID_4TFikQ,0
ID_4JYr2A,1
ID_39hj9h,0
ID_4MztFW,0
ID_4HuMaT,1
ID_4RmH32,1
ID_4MM6cW,0
ID_37tTVp,0
ID_3TJMGa,0
ID_49Tydy,0
ID_3VChNA,0
ID_3Y2y52,1
ID_QmXs92,0
ID_3jg78H,0
ID_xkkWUd,0
ID_ryAh6T,1
ID_4WL48b,1
ID_4WNY6V,0
ID_BRE3D4,0
ID_4Azrus,1
ID_4LLMUx,1
ID_NVfb2M,1
ID_3tDL8a,1
ID_sGBSMK,1
ID_3P5AGF,0
ID_3bLTTd,0
ID_3Xwjm5,0
ID_4ACVZt,1
ID_33fukd,1
ID_43s8tM,1
ID_3rTejt,1
ID_4Xnkjb,1
ID_S2yZxd,0
ID_6ewR2x,0
ID_3CPbgx,0
ID_3ahT7F,0
ID_zzAq79,0
ID_36gtNb,1
ID_3kH474,0
ID_3Dswap,1
ID_3wFq3Y,0
ID_3cAiqb,1
ID_Pwx7aH,1
ID_3BqwKX,1
ID_37F76s,1
ID_Bb6jgN,1
ID_462oni,0
ID_WwZD9E,1
ID_39dZ5e,0
ID_3nZesw,1
ID_4PBaAg,1
ID_Fbt8Sc,0
ID_3uLkRo,0
ID_4TEfdC,0
ID_f4LWq7,1
ID_3G5fRE,0
ID_3n3fTd,1
ID_3CnDdD,1
ID_3hKzaN,1
ID_46bzTu,1
ID_3Zi3Lc,1
ID_jjd4hL,1
ID_45rEwo,1
ID_33t4PT,1
ID_3VSqtF,0
ID_qAH6pS,0
ID_3Qrh5j,1
ID_U6Hv3i,1
ID_ZSr82g,0
ID_3e5tRY,0
ID_4PZ8BX,0
ID_3qPtY4,0
ID_37GkmT,0
ID_4PgRpJ,1
ID_3CDpnB,1
ID_3U9eNQ,1
ID_3WkZPL,0
ID_DP48Ro,0
ID_BpJxez,0
ID_3CtWKC,0
ID_3z8odb,0
ID_vddjWA,0
ID_3aU4GJ,0
ID_92tWPe,1
ID_38ELwe,1
ID_DKLWNC,0
ID_3fwY7g,1
ID_4LnT8M,1
ID_3MmWz7,1
ID_4HT8uP,0
ID_4CkmYz,0
ID_PmGuQQ,1
ID_44tDpa,0
ID_FPSPjq,0
ID_3i7AzS,1
ID_44XZbW,1
ID_Dne44y,1
ID_42AHZy,0
ID_r2FHeX,1
ID_3DRYTe,0
ID_4SzYbx,0
ID_3x62Ki,1
ID_J9Remy,1
ID_36sKpZ,0
ID_43KR6i,1
ID_3NGhin,1
ID_or5GMt,1
ID_3cxnKQ,0
ID_kAsbVr,0
ID_3W8mXX,0
ID_3FmvGH,0
ID_3Gti9w,1
ID_3DqgQY,1
ID_aKe8SD,1
ID_3nEy3q,1
ID_4VVF5k,0
ID_3JL8pb,0
ID_ndBJfP,0
ID_3gKcGi,0
ID_3Y8G7Z,0
ID_uSogj7,1
ID_3qKAzC,0
ID_4PY6yg,1
ID_4Kn25e,0
ID_NJZ7sw,1
ID_k6pJdQ,0
ID_owB7Lp,0
ID_4HJF5K,0
ID_3Z9sj6,0
ID_4QoguL,0
ID_3hvgcX,1
ID_ZrEYCL,1
ID_3nDAix,0
ID_3AtD92,0
ID_4DpZrZ,1
ID_3DfYyY,1
ID_paZDKt,1
ID_3Eq7Xt,0
ID_3YemSk,0
ID_cgYysF,1
ID_dd6nTa,0
ID_GrqgSp,0
ID_4CuBwp,0
ID_UmUAoC,0
ID_3eYQU6,1
ID_TtMsQv,0
ID_4C7whY,1
ID_4AxBZ7,1
ID_4U6yn5,0
ID_4NT2Wk,0
ID_4TmgSd,0
ID_3HSt7G,0
ID_3da6qg,0
ID_4EExEE,0
ID_RrZtfg,1
ID_3FHhhV,0
ID_3QFJZ3,0
ID_4Umjtw,0
ID_3bKirJ,0
ID_TkJAig,0
ID_38qN52,1
ID_7RswL3,1
ID_36ojEw,0
ID_3z4Vsf,1
ID_3ZbjFM,0
ID_PyUK3z,0
ID_3MigpU,0
ID_7C6b6X,0
ID_57w7CK,0
ID_EfDfBS,1
ID_UA7NE4,0
ID_3eXYoX,0
ID_36qC2y,0
ID_3ezGrB,0
ID_3gzPUE,1
ID_3nxEHY,0
ID_B7vh9k,1
ID_3V7Khu,1
ID_sSaFYM,1
ID_3Ag77s,1
ID_3dFjsL,0
ID_QUdMb2,0
ID_3hst2S,0
ID_3KKCGc,1
ID_3KgqwS,1
ID_32sPdf,0
ID_35Yiff,0
ID_3xL6FV,0
ID_4HQiup,0
ID_sLVvQ2,0
ID_36kmsx,0
ID_h5pznt,0
ID_3zZuq4,1
ID_hrNRZP,0
ID_47NBDp,1
ID_4VmvFo,1
ID_3Zh5if,1
ID_73J9qi,1
ID_3d43u9,1
ID_4N3iZn,0
ID_4U2Quz,0
ID_33LmKm,1
ID_E7hzfy,0
ID_3iBMLG,1
ID_3XrZRh,0
ID_YowrnH,0
ID_3NcjYN,1
ID_3duzTr,0
ID_PXuioA,0
ID_EdbRPo,0
ID_4Jn4EH,0
ID_4E69Jw,0
ID_34YeaZ,0
ID_4DEcvm,0
ID_SmprUu,0
ID_3EnwUB,1
ID_3bfEAq,0
ID_4KsJh3,1
ID_xU7hX7,1
ID_3J5DLk,0
ID_4XCvGb,1
ID_4nCGTZ,1
ID_33ijst,0
ID_TJFkKf,0
ID_YJYg3g,1
ID_39FBmV,1
ID_34Ug8b,0
ID_4RNggE,0
ID_3T4ZtM,1
ID_3bvR96,0
ID_4GrzSC,0
ID_CMYfkS,0
ID_BLMtVk,0
ID_cn839J,0
ID_3EiMHk,0
ID_KVZ755,0
ID_urg763,0
ID_4VvHyr,0
ID_4CyLZx,0
ID_3LAxUQ,0
ID_UEKfAM,1
ID_48aKQk,0
ID_7Vt8oo,0
ID_3Zn48A,0
ID_u2nqtd,0
ID_4N79xK,0
ID_43s5C5,0
ID_3wbeFZ,1
ID_y92uM7,1
ID_4Q9uPn,0
ID_4TzVmZ,1
ID_7U4Db6,1
ID_tNGDQa,0
ID_zWN65U,0
ID_MtYiXk,0
ID_3Hc2tK,1
ID_oM95c3,0
ID_A4qoWB,1
ID_sDatke,1
ID_zE4qru,0
ID_3AP7fS,1
ID_3b5CW8,0
ID_YbLwBz,1
ID_pACyRc,1
ID_ZcuwKW,1
ID_UXohNQ,1
ID_4GabpD,1
ID_33krfs,1
ID_3Umut8,1
ID_4WXiPN,0
ID_3YsZiP,0
ID_7p2Hhf,1
ID_3qSqiE,0
ID_3huDT9,1
ID_36H3Fv,0
ID_QfksGp,0
ID_4A7fJi,1
ID_btfnb7,1
ID_XtSpMX,1
ID_ToEQwg,1
ID_3Uo2uc,0
ID_E9AAXM,0
ID_3YwHrP,0
ID_3BkwMZ,0
ID_3FUNKH,0
ID_4DLrqf,1
ID_kzqT7i,0
ID_jDFKoG,0
ID_4D8Jiz,0
ID_3fKUrx,0
ID_3RsC5a,0
ID_39hkDp,0
ID_3yryn2,0
ID_3GAp6a,1
ID_dvufbb,1
ID_3AzJ5Q,1
ID_BKRuAM,0
ID_3fNcT9,1
ID_4Hcwte,1
ID_3BjzEM,1
ID_XABZ8T,0
ID_4UgBiY,1
ID_3q5ELV,1
ID_3FrVFN,0
ID_4PtPAz,0
ID_3GMihj,1
ID_3cxdRX,0
ID_43yPMV,0
ID_W65e6J,0
ID_3voVqA,1
ID_49uyD7,1
ID_4LkgMK,0
ID_3s3xNe,0
ID_Fd2P4h,1
ID_45zv8M,0
ID_4L2Znf,1
ID_3DrWMB,0
ID_3y9NYc,0
ID_3T6pe4,0
ID_x4Wawm,1
ID_3Yg3ZH,1
ID_3pXESC,1
ID_3NExNG,1
ID_4Nnqaa,0
ID_UZn7ob,1
ID_3Wn7zd,0
ID_3ArG9c,1
ID_4UdRWd,0
ID_3RTutt,0
ID_3DAQ6m,0
ID_FX3EgD,1
ID_4MmVMw,0
ID_8VuMEw,0
ID_3WenuJ,1
ID_AAhUGa,0
ID_WWkA6C,1
ID_3sw2Ao,0
ID_pDHh9J,1
ID_msZe6P,0
ID_KYaxen,0
ID_WUoAJe,1
ID_3rPa4v,0
ID_4Hz3o7,1
ID_49viND,0
ID_3WzRT8,0
ID_AuNbnW,1
ID_7PqXEt,0
ID_e84zS3,1
ID_3mmFSV,1
ID_3XnweW,1
ID_3qLTQH,0
ID_3Mbaso,1
ID_34NL6w,1
ID_DAPAFH,0
ID_7TEiab,0
ID_5QEpsG,1
ID_UuzRxm,0
ID_3Ca3ZD,1
ID_3pgXRY,1
ID_4ERnQh,0
ID_4C7dzF,1
ID_BiR4N3,1
ID_4NVtzZ,1
ID_4NYPSg,0
ID_3Qyc3Q,0
ID_4AQp4W,0
ID_3RknYm,0
ID_gKCyAU,1
ID_H4bmSh,1
ID_4QvXvW,0
ID_4LwX3Z,1
ID_38y67J,1
ID_3oiWY7,0
ID_45gGJd,0
ID_7aG8Wr,0
ID_zNuo2g,1
ID_43XyY9,1
ID_4SVNkG,1
ID_fxtDsR,1
ID_UHPtnf,0
ID_jwp6yB,0
ID_44P3sK,1
ID_3C4inq,0
ID_4XQhp4,1
ID_4RK3gz,1
ID_3TrpdW,1
ID_472h3y,1
ID_3g4Fam,1
ID_4Ec9qN,1
ID_LxVEDp,1
ID_3uG9Qt,0
ID_4Vgw8D,0
ID_3wshcL,1
ID_NiXeLZ,0
ID_62mvgH,0
ID_VVuWSA,0
ID_4E9gk5,0
ID_qz48hj,1
ID_Ex4y5W,1
ID_QHYtkD,1
ID_3Yq4pV,1
ID_3ovBx2,1
ID_JiapAd,1
ID_UBXoa7,0
ID_4Nqmpz,1
ID_vy6D6k,0
ID_vLnWAc,0
ID_3oiimf,0
ID_ozkt8n,1
ID_jhYQ7F,0
ID_WhDXYg,0
ID_yB7UZe,1
ID_Y7kWgG,0
ID_EraxLf,1
ID_3oW4vJ,0
ID_3RyTYD,1
ID_Dm7QKM,1
ID_3V45zY,1
ID_DsNBdL,1
ID_3WYjWV,1
ID_biYACc,1
ID_3SLeBv,1
ID_mQBZRm,1
ID_SPPu6v,0
ID_4XLZPk,1
ID_42pPVf,1
ID_opFokC,0
ID_3xjJvP,0
ID_pQm5nk,0
ID_G34QQa,1
ID_476FfA,0
ID_HSzvRj,1
ID_o2dwB9,0
ID_Yp9YsC,0
ID_4Tz6BE,0
ID_45kQNb,1
ID_4QdQVr,1
ID_3DpTwE,0
ID_4V5DFP,0
ID_JymQqG,0
ID_3o49n9,0
ID_4HTUwJ,0
ID_3Jztdw,1
ID_4T56fk,0
ID_u9GUGM,1
ID_42LKFs,1
ID_3i27Bz,1
ID_3KVfdV,1
ID_QcMp7C,0
ID_3MS6Gb,0
ID_PShucU,0
ID_cJPDYw,1
ID_p33fNB,0
ID_r8guwC,0
ID_MMyg6Z,0
ID_rkrBdK,1
ID_3wfUHq,0
ID_3tzmcS,1
ID_3GSmTB,1
ID_3roCpP,1
ID_3BLaLP,0
ID_3Te7WV,1
ID_3gny35,0
ID_3BoGkU,1
ID_3Sq7oD,0
ID_3gP6ia,1
ID_HcGSMn,0
ID_3byodZ,1
ID_3463Yk,0
ID_LpfpZu,0
ID_FrhAxv,1
ID_33oJBh,0
ID_3WdyGr,1
ID_QFANYY,0
ID_3iTQvz,0
ID_NoEcmG,0
ID_4MyhH3,1
ID_4VrjJD,1
ID_3A9QGd,1
ID_3JmaGZ,1
ID_3Fes6c,1
ID_MftvTV,1
ID_AfPpca,0
ID_42NiQu,0
ID_4CC69r,0
ID_3MCBkk,0
ID_4JxsPc,0
ID_3aDUES,0
ID_vzNffk,1
ID_3m5R7m,0
ID_9Sh4hd,1
ID_v767YP,0
ID_DdrCjt,0
ID_3yYjbh,0
ID_386ovT,0
ID_dSNj3v,1
ID_QnVAmm,1
ID_33tcM6,0
ID_3J4tc8,1
ID_4EbmRR,1
ID_gh2bZT,0
ID_UhFycG,1
ID_C2jeQV,0
ID_Lv5YR5,0
ID_3taGiX,1
ID_3bdbg4,0
ID_hm9JiH,1
ID_79XtNR,0
ID_4EG8VC,0
ID_42rHhs,1
ID_3uKpGH,0
ID_vEGkqX,1
ID_QhXX5d,1
ID_3EG6hf,0
ID_Ek5VGo,0
ID_F8HsAU,0
ID_39JU72,0
ID_4H72Lh,0
ID_i9VV7N,0
ID_3ChmLn,0
ID_LPuhV4,1
ID_Za2mFr,1
ID_3gAWJD,0
ID_3RyYtB,0
ID_4QEyni,0
ID_48Ar3t,1
ID_3puGWc,1
ID_4CJeBs,0
ID_y9mugK,1
ID_4JmjFh,1
ID_sEM9KM,0
ID_3P48iC,1
ID_377RCT,1
ID_3oXWuh,1
ID_zWa8gy,0
ID_UvGFeM,1
ID_33L5ZJ,1
ID_4Ld2zf,1
ID_3PdFUX,0
ID_33Ds8b,1
ID_47a2eU,0
ID_mRaoS9,0
ID_3ebD4j,0
ID_3w8bKK,1
ID_3wcZAL,1
ID_38UcLd,0
ID_nh4DWa,1
ID_3EWT4r,1
ID_8RUbUG,1
ID_Vu8oeA,0
ID_4G4bNX,1
ID_3bBB4v,0
ID_3gCDWp,1
ID_EKNj8g,1
ID_3wkQ6Y,0
ID_3HTEGg,0
ID_45sgRQ,1
ID_9Fh5EY,0
ID_3LjnsN,0
ID_MBNSRa,1
ID_Tw4udt,0
ID_KxtudA,0
ID_47zfKv,0
ID_43pc5g,1
ID_LjesXE,0
ID_3JWzN8,0
ID_3DrQY3,1
ID_3uHC4s,0
ID_3mfA2M,0
ID_3Biyek,1
ID_Dfh4cs,1
ID_3JntYj,0
ID_46bKgJ,1
ID_3huTK9,1
ID_3NqLXJ,0
ID_3qqfFk,1
ID_4NyZ3x,0
ID_4E4ZJz,0
ID_3jkQ3V,0
ID_36ii4o,0
ID_w2GseK,0
ID_45AXSL,0
ID_4DdnyN,0
ID_4C7B3R,0
ID_ZcJf5D,0
ID_TDELHq,0
ID_TYUEvy,1
ID_oVSxik,0
ID_3uo8nc,1
ID_ymz2hx,1
ID_4UU7JR,0
ID_3sjQuY,1
ID_72ab4e,1
ID_3du97g,1
ID_4Guypf,0
ID_43Gu4M,1
ID_BcTAbS,1
ID_3Vvvf2,0
ID_3hUqWU,0
ID_XNxGfN,0
ID_3RmP9h,1
ID_3jivLd,1
ID_46aSfG,0
ID_3Y3Dnh,1
ID_3EXPuj,0
ID_Lsu3Hi,0
ID_3Pn6L7,0
ID_EMRip9,1
ID_WmXd5o,0
ID_4GpPWC,0
ID_3ryc5j,0
ID_deGZAg,1
ID_jMZZMC,1
ID_3RLFrL,1
ID_LT5mhT,1
ID_wbaS3i,1
ID_oiHfBY,1
ID_qHAu2W,1
ID_wZDL7x,1
ID_zK9sNc,0
ID_ZwLyKj,0
ID_pVdjjJ,0
ID_3cbF5u,0
ID_GAqsd7,1
ID_3GCxWa,1
ID_4RKZRG,1
ID_48nvRS,0
ID_45KhdC,0
ID_nPTvvs,1
ID_4TgPFE,0
ID_7URFUD,1
ID_3ozN4h,1
ID_3smsM4,1
ID_hxzXCM,1
ID_3ayAwy,1
ID_4Uzotk,0
ID_3gKFpo,0
ID_TC5Jnr,1
ID_Tvb2gr,1
ID_3axDib,1
ID_bevUtF,0
ID_Bz4kvx,0
ID_3cYTet,0
ID_3EtDDo,1
ID_j8kVg6,0
ID_6CTXZg,0
ID_3gLA6n,1
ID_458tYY,1
ID_3UKKRD,1
ID_HjY4Q9,1
ID_3AHYiC,0
ID_3ZKdio,1
ID_FNHPwc,0
ID_evX62F,0
ID_8ApXNT,0
ID_3BtDTp,1
ID_UiCUfk,0
ID_46Kp4H,1
ID_C7qYyp,1
ID_3KyY6t,1
ID_eaLftP,1
ID_V7m5f3,1
ID_4UJA4v,0
ID_3dfMci,0
ID_3M2hGC,0
ID_S22F83,0
ID_3kyxhU,0
ID_3aVsgM,0
ID_4FTWKG,1
ID_9MypxY,0
ID_AUZUTN,1
ID_4NkB6G,1
ID_4UBfR7,1
ID_3acP96,0
ID_3qjbrJ,0
ID_3N57AG,1
ID_sAktN7,0
ID_4AmTyM,0
ID_xRW3c3,1
ID_59ewEC,1
ID_3D2zwe,0
ID_VzkJT3,1
ID_WSvew6,0
ID_3qMdbi,0
ID_YbYjik,0
ID_qVgTLh,0
ID_38xLew,0
ID_3MorCb,0
ID_TAdbT6,0
ID_qdZJDX,0
ID_uUVKiZ,0
ID_3rCJMm,1
ID_xKS9Np,1
ID_4Rd3Ts,1
ID_qJKnWE,0
ID_qaZvvM,1
ID_gYwGCB,1
ID_4TgLJF,0
ID_3JG936,1
ID_fiLHUj,0
ID_45PFqD,1
ID_37ZqUE,1
ID_q5yTyD,1
ID_3suiLW,1
ID_pTpjkY,1
ID_4NfrJH,0
ID_BHHKhg,0
ID_3RkLmu,1
ID_QU8RbP,1
ID_4EL5Wa,1
ID_3gawdK,0
ID_TVZHEV,1
ID_3k23bn,0
ID_35cUNG,1
ID_8xxruC,0
ID_kaDG3E,1
ID_33TSfx,0
ID_JUEoAZ,1
ID_42XYsm,1
ID_47pdDm,0
ID_mLR4ne,1
ID_38tYCT,0
ID_A28z85,1
ID_4DbigT,0
ID_W36B5H,1
ID_3xv7t2,0
ID_LW7Fps,1
ID_46xyo6,0
ID_7F5GC5,1
ID_PA7Spd,1
ID_3iYrCc,1
ID_goCip9,1
ID_SGcVTy,0
ID_4Bjoho,1
ID_fexEzs,1
ID_UXk3GT,1
ID_3admw7,0
ID_m2ifCR,1
ID_3ZztxU,1
ID_SLMGCL,0
ID_3HRvoE,1
ID_4D6nqQ,1
ID_N9PzF6,1
ID_bKPcxH,1
ID_3SemiY,0
ID_3zdUVm,0
ID_azaVmS,1
ID_4CE2xm,0
ID_5cmU24,0
ID_37yE4E,1
ID_3fV6Wx,0
ID_3Tj8Jy,1
ID_wqJzNh,1
ID_3xcejC,1
ID_3eFWnH,1
ID_3fyKnZ,1
ID_3UQWUN,1
ID_gQTsUE,1
ID_3iGbqS,0
ID_3JPVbn,0
ID_EabmJ3,1
ID_rLoc6X,0
ID_366HSF,0
ID_4Wg7we,0
ID_3qGipt,0
ID_A7DFDu,1
ID_3vKTib,0
ID_GB2Nup,1
ID_3av5s6,1
ID_Yy4FM4,1
ID_4XXN5Q,1
ID_SFAu4C,0
ID_qY58qZ,0
ID_kRMrwD,0
ID_3eg7AK,1
ID_4chhup,0
ID_4MV2Ff,0
ID_4DiPok,0
ID_fR8MH2,0
ID_nrXKK8,1
ID_4LvqMT,0
ID_3veT59,1
ID_MosBFs,0
ID_4ArP6T,1
ID_4B9eYe,0
ID_4LyUTD,1
ID_3V863p,1
ID_3yciRb,0
ID_hSKtMb,1
ID_3z2ex4,1
ID_3Lxj3C,0
ID_xTWeH5,0
ID_3yN9ve,0
ID_4WHyAf,0
ID_AaMDMz,1
ID_68pXnX,1
ID_ftfjr9,1
ID_SEYVMG,1
ID_3Zh63e,1
ID_4X2xbF,0
ID_3ZQngY,1
ID_Bzkfz3,0
ID_46MA7o,0
ID_GdJWPT,0
ID_3RkHM6,0
ID_WXHXdU,1
ID_8qdFhZ,0
ID_vQXdxz,0
ID_3FtDiS,1
ID_ntHhTc,0
ID_3tL7QB,0
ID_KTPerS,0
ID_Yx9SGJ,0
ID_3VeYpd,0
ID_3PRn7q,1
ID_itKbz7,1
ID_3AmQMe,1
ID_E4Rxcs,0
ID_SkuUDx,0
ID_DLqbDx,0
ID_4CZMmi,0
ID_3EpACL,0
ID_w769to,1
ID_xgW2Up,0
ID_3Gjio3,1
ID_33yPiN,1
ID_RwLEpo,1
ID_4MpCL8,0
ID_3tYfN2,0
ID_3i5VT5,1
ID_3hCMLo,0
ID_oJNgws,0
ID_4DLerv,0
ID_4AFWFK,1
ID_3ueQ3d,0
ID_a6SCWi,1
ID_CwBijZ,1
ID_3FTwkc,0
ID_XmU24i,0
ID_3inz9a,1
ID_UQ5Hoa,1
ID_jQdH6f,1
ID_3m3a8f,1
ID_TmEpZv,0
ID_aAsZRp,1
ID_GBWYkY,1
ID_3m6UEZ,0
ID_36iHrF,1
ID_3rYyGR,0
ID_3XSDBK,1
ID_3dya5n,1
ID_3hJJKA,1
ID_47cDCY,0
ID_QpKJFB,1
ID_3hkarq,1
ID_3huzAx,1
ID_L8FyDm,0
ID_wJxqjh,0
ID_ZDy7np,0
ID_46WL2W,1
ID_3qVHGy,1
ID_4UoSvZ,1
ID_JXiBov,0
ID_4Ctmbf,0
ID_322fQ9,0
ID_4W5VbY,1
ID_4TrFP3,1
ID_3A57bZ,1
ID_33ZeSF,0
ID_xxwQzZ,1
ID_3Gy3ae,1
ID_4BNA3Y,0
ID_44RWJz,0
ID_WeYZni,1
ID_4K2y73,1
ID_4KFWGk,1
ID_43ut8B,1
ID_3HCnyY,0
ID_3gu3rE,1
ID_3brccr,1
ID_ivRrdD,0
ID_4W4dqg,0
ID_3BM3rr,1
ID_3TckGt,0
ID_sH4HWE,0
ID_4BPfii,0
ID_fpdTcN,1
ID_3KLZ6U,0
ID_q7HYgZ,1
ID_V59sVk,0
ID_UQSsQo,0
ID_3JfCHq,1
ID_6Jm6Eu,1
ID_3cTYRi,1
ID_3uZB6b,1
ID_3HSDnr,1
ID_3kHdMA,0
ID_4E7oxy,1
ID_y3tBEj,1
ID_3g2Lzj,0
ID_3dkMNV,1
ID_BL5gsC,1
ID_4NFHsb,1
ID_3Xk9RJ,0
ID_35mXnc,1
ID_Md2Hkp,1
ID_3uxhCY,1
ID_KF92po,0
ID_vNB99U,1
ID_3633DV,1
ID_73fGyf,1
ID_3u6ceb,1
ID_UtwUsX,0
ID_w6MAqi,1
ID_9yb6Jk,1
ID_4NJzmt,1
ID_HbDSrL,0
ID_3khJPF,0
ID_Yc3uiq,1
ID_3idvZ3,0
ID_4NUiHb,1
ID_MLUvJR,1
ID_3kjgVW,1
ID_46kP6j,1
ID_PFnbjF,0
ID_3mxw2a,0
ID_Zbn64F,1
ID_3msTHt,0
ID_bJpPYm,0
ID_45ZD6w,1
ID_4CefG9,1
ID_d24ZyB,0
ID_3XQTwd,1
ID_4UG5rj,0
ID_42yuLP,0
ID_X7nXSV,0
ID_48hgPW,0
ID_4DvaQk,1
ID_ysZwTU,1
ID_33T6JK,0
ID_3eubmq,1
ID_3BrTuC,0
ID_AnR6r2,1
ID_ychEjH,1
ID_QPP8x5,1
ID_7HfpN5,1
ID_3gp23G,1
ID_C24iD9,1
ID_3ykESc,0
ID_35B7aC,1
ID_3EEuCY,0
ID_Cm5hzF,1
ID_3aT9Cz,1
ID_3o7etR,0
ID_fXY6cb,0
ID_3nSZ93,0
ID_3YBRch,1
ID_EwfSDs,1
ID_p2GLi3,1
ID_3e62qH,1
ID_3sxTpc,0
ID_NzpVj6,0
ID_4Hzjhw,1
ID_xqJdi9,0
ID_3jQvwZ,1
ID_3DmbA6,1
ID_3VkJXY,0
ID_3B2opn,0
ID_3u9ySq,0
ID_3pKXur,0
ID_VjkJ65,1
ID_3mbj5g,1
ID_3VHi3y,1
ID_4SAY2n,0
ID_4UatuC,1
ID_4Xjgfh,1
ID_FtXF4X,0
ID_B3BDLu,0
ID_3equhS,0
ID_42CLXY,1
ID_Z57cQL,0
ID_4JZQor,1
ID_qT82pa,0
ID_jQDrd6,0
ID_4LRbLz,0
ID_yqKZJW,0
ID_3PdgHa,1
ID_woLKs2,1
ID_387KZt,0
ID_4WSsKx,1
ID_HdwpQe,1
ID_3HaXbb,0
ID_3s4XQD,0
ID_qNT8zx,1
ID_3PyY6J,0
ID_4DoJj6,1
ID_gHYcMW,1
ID_zSCXP3,0
ID_3dV2o8,0
ID_3ueCGB,0
ID_4PzjtV,1
ID_3DC56q,0
ID_3kk6y2,1
ID_3PfGEW,1
ID_3eCE7m,0
ID_4Wqbk6,1
ID_3QoTd5,0
ID_y9umL5,0
ID_4QgHeF,0
ID_3Ehjw9,0
ID_t7e4WV,0
ID_4G95Pr,1
ID_s5Ypzo,0
ID_3sCpn3,0
ID_3EFQX2,1
ID_dFLbZD,1
ID_3ELULs,0
ID_42c2YS,1
ID_FwG79a,0
ID_xwCguY,1
ID_36eZWr,1
ID_3qyvdT,1
ID_sZ8nmv,1
ID_3iEuYB,0
ID_4WCWMG,0
ID_5rfZAt,0
ID_eE9eNn,1
ID_3szc9J,0
ID_r33ZBW,0
ID_Yg7vud,0
ID_GSUE8t,1
ID_35oqaz,0
ID_NL9eLq,0
ID_Rb4Fvj,1
ID_DxuGF3,1
ID_4W5ppm,0
ID_3VcZCY,1
ID_3RUWmN,1
ID_Wa3Nws,1
ID_3YnPXi,1
ID_3tUv3q,1
ID_3yNVeS,0
ID_3TSDFB,0
ID_4XpmM2,1
ID_jVugeX,0
ID_37cD5E,0
ID_4A4MR6,1
ID_jM5Lq5,1
ID_332W4H,0
ID_3rbuX3,0
ID_DHyV7j,0
ID_4Eefgs,0
ID_PTkFvQ,0
ID_mun3HQ,1
ID_4N5GRd,0
ID_3snT3u,1
ID_4Q8PUF,0
ID_3Mo5RN,0
ID_7yPj2U,1
ID_ZyWs7i,1
ID_42d3j3,1
ID_3giQrR,0
ID_4BpD9G,1
ID_42Pni3,0
ID_3jcQtq,0
ID_ugHhuz,1
ID_oQFZyB,1
ID_3m6739,0
ID_Ljd9nX,1
ID_3cYmsS,0
ID_4BVMUD,0
ID_MmU9EE,0
ID_3qRsvY,1
ID_3S4HqY,0
ID_3NFD2T,0
ID_tzPH2G,1
ID_8WZmKA,1
ID_AAz7wV,1
ID_3GvSML,0
ID_3h7F7p,1
ID_3iB8N4,1
ID_3W8a7i,0
ID_4TCwiy,1
ID_3uC6Ji,0
ID_4QuSPZ,0
ID_46woAb,1
ID_3iMZq2,1
ID_482oPK,1
ID_4K7Tcu,1
ID_47dcc3,0
ID_YJSqaE,0
ID_FKoh6m,1
ID_3iM4BC,0
ID_BuSunS,0
ID_3DusPq,0
ID_42C9pe,1
ID_3pXhYK,0
ID_3gQ8tj,1
ID_WYmAcj,0
ID_JnRCsf,0
ID_46nyG5,0
ID_hEoZpQ,1
ID_6ngQLf,1
ID_42bykK,1
ID_nnn5QU,0
ID_7fcnfZ,0
ID_DXSixa,1
ID_37DT3h,1
ID_4XPhE3,0
ID_NPWrbE,1
ID_3kBp58,1
ID_FoUiRZ,1
ID_3UjveS,0
ID_3nimTZ,1
ID_3cBPf8,0
ID_3tPewg,1
ID_dAaugB,1
ID_4Gc7NP,1
ID_yqFa5x,0
ID_3p2Qap,0
ID_YEaTvS,0
ID_c755Yc,0
ID_3vTNPT,1
ID_X7AtiK,1
ID_yqgJnQ,1
ID_3RARZ2,1
ID_3c5626,1
ID_oqEtDJ,1
ID_3FTD48,0
ID_3ASBXN,1
ID_RYKJ7R,0
ID_4DbY8V,1
ID_3eBisW,1
ID_42GNo5,0
ID_3Zhktd,1
ID_HyxEPp,0
ID_45yZac,0
ID_nweeBy,0
ID_4AAm9V,0
ID_4AVfG9,1
ID_38xma9,1
ID_3FFzS2,1
ID_rFgkw2,1
ID_3XVBDm,0
ID_3Ruxzb,1
ID_4WVwfA,0
ID_4XM4Gu,1
ID_3idbio,0
ID_3B98gF,0
ID_3Uf6np,1
ID_64LieX,1
ID_BeAMc4,1
ID_kNWuJ5,0
ID_hWWUgq,1
ID_3gB3YS,1
ID_34qnR5,1
ID_3YxpmJ,0
ID_3LDf3U,1
ID_4GtHAk,0
ID_4BugHR,0
ID_3BsAR2,0
ID_3pP2no,0
ID_3fsTo9,0
ID_PxfTYU,1
ID_3QugWm,1
ID_SCJVF8,0
ID_3pDMbG,1
ID_3x6CBa,1
ID_FtjrVq,1
ID_3cemU2,0
ID_36Di6B,0
ID_3tuFwS,0
ID_D6XuUk,1
ID_4DCpHv,1
ID_4M557m,1
ID_GU32GY,0
ID_35AHwz,0
ID_3aQS9X,0
ID_4Gy2oP,0
ID_TeJoXD,1
ID_h3vt3A,0
ID_3jNgJS,1
ID_n8s238,0
ID_4Cqf4Y,0
ID_45CsX6,0
ID_nXCTdL,1
ID_367852,0
ID_V4ou2M,1
ID_3qg5Rw,1
ID_zYrXoo,0
ID_3NJhDh,0
ID_3wvMkn,1
ID_3TxzWi,1
ID_pYonjC,0
ID_34wFyZ,1
ID_3cjYmw,1
ID_3J8Rvr,0
ID_3fyUa3,1
ID_WfJoVi,0
ID_4Jxdhf,0
ID_3BTsNn,1
ID_3TgYVP,0
ID_wd868p,0
ID_3dibDC,0
ID_JFKUfY,0
ID_dMrm3u,0
ID_3m8x3Q,1
ID_rTr4d5,0
ID_BpGHad,1
ID_3g79Wr,1
ID_338K6H,0
ID_BeRB9K,0
ID_42SH8c,0
ID_qVPN4h,1
ID_wjNfNC,1
ID_48YFZo,0
ID_3VLPhN,1
ID_3Q8vUQ,0
ID_3SsEMp,0
ID_oYYPCW,1
ID_3zs8hV,0
ID_MqCZoW,1
ID_4DP6wx,1
ID_4MyVzN,0
ID_3VJPZj,1
ID_4MsMz8,1
ID_3KKdjc,1
ID_3dpV8L,1
ID_4EnwSp,0
ID_3BqL63,1
ID_EZTNU2,0
ID_FpiXco,1
ID_3ZmWGK,1
ID_4KAPAi,0
ID_3Qrtzc,0
ID_3MjgX5,0
ID_mvR8HL,0
ID_DdWoNd,1
ID_XHbSQr,1
ID_3TyzA7,0
ID_4SWn6U,1
ID_36R89t,1
ID_3H6oJL,0
ID_5DKYXM,0
ID_3jZzm6,1
ID_4CWPea,0
ID_JsBjkz,1
ID_4NyX5n,0
ID_3vVFoy,1
ID_34Divd,0
ID_xGswft,1
ID_3oW5p2,0
ID_gT2c36,0
ID_WH6T5W,1
ID_3uBmbq,0
ID_npu64w,1
ID_6rhWMF,0
ID_3CLD26,0
ID_45tEsU,0
ID_3Epnmo,0
ID_32gwxE,0
ID_4CHbwX,0
ID_4PEETW,1
ID_4AspPk,0
ID_3k8Pkj,1
ID_4QKwdG,0
ID_4BqUPR,1
ID_3hgUG9,1
ID_33XsZd,1
ID_f4YZzB,0
ID_3t53xF,0
ID_eAHkBf,1
ID_3QyXjp,1
ID_3GwcyP,1
ID_zt8xJe,0
ID_4FHLEK,0
ID_QLRTem,0
ID_y6JjXB,1
ID_3Kpg6F,0
ID_zP3XQf,1
ID_3aJhPN,0
ID_8xGNM7,0
ID_cfVK7K,1
ID_4GmBH6,0
ID_QKG3Dk,1
ID_eRmitb,1
ID_WR6i6M,0
ID_3MHfsm,0
ID_zb35wf,0
ID_4KAZSE,0
ID_32BC9z,1
ID_3JUX9g,0
ID_3xZq4a,1
ID_4UM6FV,0
ID_35zcMB,0
ID_3m89XL,1
ID_3gfjUC,1
ID_w9cRcv,0
ID_3LiizM,0
ID_4KnhFv,1
ID_WCKANm,1
ID_37Vunm,0
ID_3H33FZ,0
ID_3zzvSj,0
ID_3jq39h,1
ID_3M2r4B,0
ID_MxAvQi,1
ID_xKuEMQ,1
ID_3mNrKA,1
ID_38Hqc9,0
ID_FEX3zo,1
ID_4L5nto,0
ID_7wB4dF,1
ID_TAF3Cm,1
ID_vkzSrZ,0
ID_44XuzX,0
ID_4A9T3y,1
ID_7XtSch,0
ID_42xLxs,1
ID_GQXQ8v,1
ID_7XvKrW,1
ID_5tSUiP,0
ID_Z3W7Kn,0
ID_3uzYzQ,0
ID_MpQK2x,0
ID_rBjp7c,0
ID_4FrDVr,0
ID_47dsFp,0
ID_32pETm,0
ID_xyuxq3,1
ID_3MTxdb,0
ID_gsnUmx,0
ID_3F8N2h,0
ID_33VYUi,0
ID_4LDb2a,0
ID_329GHf,0
ID_3xBvZP,1
ID_owF9bM,1
ID_mjuAgs,0
ID_4VZr5Q,1
ID_cziXJu,0
ID_3oAneo,1
ID_NkV3J3,1
ID_4AhYzE,0
ID_4SkwhQ,0
ID_35hNGp,0
ID_dfTRdG,0
ID_3ZtzMv,1
ID_3TdMVh,1
ID_k9HaoN,0
ID_4QSHEz,1
ID_35xRgz,1
ID_YhXWAR,1
ID_3Jj3vS,0
ID_4XjYJ7,1
ID_3jeUE9,0
ID_3Prqrb,0
ID_3aJ8G2,1
ID_3TkGGf,0
ID_3nNmdR,0
ID_RqYoDQ,0
ID_3mRVti,0
ID_3mZfYc,0
ID_So8Qpt,0
ID_4284WE,1
ID_38Yekf,1
ID_Ri2Hhx,1
ID_3iZAni,1
ID_49DY82,1
ID_qhaedN,0
ID_3H4F7y,1
ID_4K7FV9,1
ID_4K27i8,0
ID_45kyvr,0
ID_3xU3QC,1
ID_4Qj5a8,0
ID_bhoV3J,0
ID_LAbSWa,0
ID_ZegSXj,0
ID_39VXCA,1
ID_cSry5P,0
ID_3PKcpX,0
ID_4m4yon,1
ID_3Kfg8s,0
ID_4577kz,1
ID_5ZCkvx,1
ID_bC5YBC,1
ID_uZZwqe,1
ID_4zsJxD,0
ID_36QohH,1
ID_47Pe83,1
ID_A5ZcYv,1
ID_37pYrn,0
ID_rm43pS,0
ID_4BcvdA,0
ID_3Ud9jS,0
ID_4BsvhK,0
ID_374uWR,0
ID_39sM8m,0
ID_3BEHgw,0
ID_4H7zVF,1
ID_3AkM2e,0
ID_48kWNc,1
ID_4NyF5o,0
ID_hZ6mK6,0
ID_48iH8H,0
ID_UA7XPx,0
ID_misZjc,1
ID_3auaDM,1
ID_3wYcqL,0
ID_3geGSc,1
ID_XLvEqe,0
ID_3zuFBy,1
ID_4XyV7W,0
ID_4XtAtY,0
ID_3cbzoJ,0
ID_oQs2Cd,0
ID_UCkYb4,0
ID_3eU8Jw,1
ID_457wf4,0
ID_3hE9xU,1
ID_3Z38L5,0
ID_o4V37S,1
ID_4WiYuf,0
ID_Qh7avK,0
ID_3DZrRS,1
ID_4Bdwim,1
ID_44JHH3,0
ID_3aV8gp,0
ID_3n2b3X,0
ID_3G2R4G,0
ID_4E4cJm,0
ID_38faER,0
ID_89CEXL,1
ID_LhVgFe,1
ID_4UFzf7,0
ID_35Yg2S,1
ID_UTpvo5,0
ID_36nMVD,0
ID_h4NkA2,0
ID_xp6D5D,0
ID_37KcZ9,0
ID_3XtYtd,0
ID_3xUfNT,0
ID_37Xjs5,0
ID_3g62vG,0
ID_j3GSmc,1
ID_3RG2UF,0
ID_zkd6LV,1
ID_bQWKj6,1
ID_oJ8SQt,1
ID_3DMAdW,1
ID_YTnfCz,1
ID_TUTHgt,0
ID_4KG6Nt,0
ID_48itYU,1
ID_8JSFYx,0
ID_3zei5d,0
ID_3zLHjU,1
ID_3ULusR,0
ID_34a83h,1
ID_xUvtcV,0
ID_3U4pex,1
ID_4PjYQX,1
ID_4Db7Mb,0
ID_3qfHmA,1
ID_kGM57e,1
ID_4PiaT6,0
ID_CKSvNw,1
ID_g2beUj,1
ID_VfZRfV,1
ID_3ZfbTM,1
ID_bhSbNZ,1
ID_3R7pGB,0
ID_DE9rBH,0
ID_42Nbvy,1
ID_4EREet,1
ID_4ErjkJ,1
ID_4TDUY7,0
ID_42vnm6,0
ID_4JCSyY,1
ID_3S6euh,1
ID_M2mm2G,1
ID_4RLF5k,1
ID_vmqyKi,0
ID_3mc5Na,1
ID_3vHq9j,1
ID_3RHjR4,1
ID_Zw4caa,1
ID_d2dN5D,1
ID_49ZoEb,0
ID_38wqKN,0
ID_48y2se,0
ID_FYM9Mj,0
ID_39ndBM,0
ID_4JSeWa,0
ID_3qCb4h,0
ID_3FhN9W,1
ID_3EjEih,0
ID_m9i35Y,0
ID_yPLYpF,1
ID_3ZNtJi,0
ID_3YZwq2,0
ID_3Hz2it,0
ID_kZHP6e,1
ID_swkbGE,1
ID_355Xe4,1
ID_YEb6KH,0
ID_JVe7Qw,0
ID_3eHrcV,1
ID_poJYZw,0
ID_3uFYUd,0
ID_46Drnk,1
ID_3gB2iK,1
ID_6RZCpG,1
ID_9ghsJV,0
ID_3qz4xx,0
ID_47oz7m,1
ID_MRbyrM,0
ID_ocvYbS,1
ID_WjHie2,0
ID_4GS68N,1
ID_4TNdbQ,0
ID_vt7LyN,1
ID_3zFt3w,1
ID_3VrdqL,0
ID_XQDq5X,1
ID_38m2TZ,0
ID_33gyY7,0
ID_xwZTpW,0
ID_TGNDE5,1
ID_43XQNc,0
ID_4dxhJ8,1
ID_3DcfcY,1
ID_384nSn,0
ID_3rGMUo,0
ID_3Siy63,1
ID_3m8rPW,1
ID_MPo2BU,0
ID_46TS4J,0
ID_3QA3jT,1
ID_3hoCCz,1
ID_3gNdBm,0
ID_3K4fbW,1
ID_TUpFgZ,1
ID_gB6atY,1
ID_3vwXcH,1
ID_3LmcWu,0
ID_4E8xYi,0
ID_4WGYyh,0
ID_4R3HMt,0
ID_3vs52n,1
ID_3zrEia,0
ID_3Lcyfk,0
ID_ajZ4YY,0
ID_JVnULZ,0
ID_47AJGE,0
ID_4NnU6q,0
ID_hrpUFq,1
ID_FoaFH4,1
ID_3uiPcr,0
ID_46mUPN,0
ID_YwSxzY,0
ID_3uMsYc,0
ID_4V2mc9,0
ID_34onq9,1
ID_Ns3PTX,0
ID_9EkCVF,0
ID_3s7xxj,0
ID_4Rj2FN,1
ID_33zuKM,0
ID_49FsYi,0
ID_3AoGgU,0
ID_3ZsHEC,0
ID_c5DanD,1
ID_3A6Xzc,0
ID_4VHsWW,0
ID_utEY3K,1
ID_ziETXo,1
ID_3ppddC,0
ID_s4bBYA,0
ID_4REeRs,0
ID_4CbWXq,0
ID_38WNQQ,1
ID_3wrsxe,0
ID_gVizJG,1
ID_36jcBk,0
ID_vV9UwN,1
ID_3c3G6y,0
ID_3xhPDV,1
ID_3yNzUS,1
ID_43ZGdG,1
ID_3JMFAK,1
ID_3x53mB,1
ID_3Y2P4b,0
ID_fSmwE7,0
ID_AExhJU,1
ID_38QwcB,1
ID_39pdCt,0
ID_3UUXqo,1
ID_4KViY2,1
ID_E8gBZv,0
ID_4P2N24,0
ID_4QDD9E,0
ID_46FLYS,0
ID_3j9JMC,0
ID_3vtgLP,0
ID_fDtwc9,1
ID_FREd99,1
ID_3TFwbS,1
ID_WxPCeR,0
ID_WLCzXV,1
ID_hETWHD,0
ID_3ygMXk,0
ID_3Uuufd,0
ID_7G9zfh,0
ID_3PwXEy,0
ID_4QNgoY,0
ID_XKaUb5,0
ID_T7Peez,1
ID_3Bjpfx,0
ID_j4Ffrm,0
ID_Zt6GYQ,0
ID_3qTyFy,0
ID_485vBM,0
ID_4K5whH,0
ID_49vQBP,0
ID_3nSmEi,0
ID_3hjUrc,0
ID_3YJnts,0
ID_iM5Dei,0
ID_3ocTia,0
ID_3nRfNF,1
ID_ahxrJn,0
ID_3G6QiL,1
ID_352uU6,0
ID_nWdcSX,0
ID_32qVLs,1
ID_4Dw8HL,1
ID_46w8kU,1
ID_sxAM5V,0
ID_48eEXM,0
ID_3U3DJr,1
ID_3MaxMe,1
ID_9woEgo,0
ID_GtKijx,1
ID_43jBRk,0
ID_3EJv7n,0
ID_4VtjeZ,1
ID_3fDFyz,0
ID_3a5BHK,1
ID_4TsZ9X,1
ID_3NcAwN,0
ID_4BqtFD,0
ID_49TSa6,1
ID_4DebEU,1
ID_3g4WuN,1
ID_xaZ6SF,0
ID_GopsgM,1
ID_ndsPGn,0
ID_4Xz4uF,0
ID_W6yzto,0
ID_3zmNai,0
ID_7LPmM6,1
ID_3hBmK8,0
ID_3isW54,0
ID_3qY5qn,0
ID_eetiqV,1
ID_4LuzQb,0
ID_4B9B9m,1
ID_4QoD6d,0
ID_NHyism,1
ID_Z4s5g2,0
ID_ZUEWyE,0
ID_4JMEQK,1
ID_4KBRjB,0
ID_3Z9b5E,0
ID_4KQfgN,0
ID_3XnWu9,0
ID_g2tEB4,1
ID_3NcgG8,0
ID_4AEf3f,0
ID_3r5bAG,1
ID_3oArRM,0
ID_46wTAU,0
ID_G5SjUR,0
ID_47XyAH,1
ID_3uXLD8,1
ID_ET5scs,1
ID_YZeajj,0
ID_4QsLBu,0
ID_3KXtp6,1
ID_4PBmjk,1
ID_VdkDQo,0
ID_3nv3eK,0
ID_7VWK5w,1
ID_7XRqL5,0
ID_4jJvdu,1
ID_N8qr5A,1
ID_37wtqZ,0
ID_VH5Xgd,0
ID_3KxibH,1
ID_3USxAZ,1
ID_78XSfi,0
ID_3r7h5d,0
ID_3vp4ZN,1
ID_ozJMfr,0
ID_3P2YKt,0
ID_425BHF,0
ID_3k52wR,1
ID_j7Wpg3,1
ID_eW5saw,1
ID_3ngpMf,0
ID_3UqH4p,0
ID_wquht9,1
ID_toMuYf,1
ID_gxNYaD,1
ID_kxzMxH,1
ID_xGyWtt,1
ID_tVBCuw,1
ID_37Wsrn,0
ID_5jW8iU,0
ID_4666iu,0
ID_472AjN,0
ID_3VbPsY,0
ID_DRpTHy,0
ID_3BNski,0
ID_3TR4uf,1
ID_43pq9E,0
ID_43ePWS,1
ID_7NVPYg,1
ID_3hCbgk,0
ID_4GTMUc,1
ID_CpjCGs,1
ID_389off,1
ID_4QXXMn,0
ID_3HRrGm,1
ID_43TChr,1
ID_35roYQ,1
ID_xZYgHh,0
ID_4CnysU,0
ID_7LhBNo,1
ID_EAPXuj,0
ID_3Copp3,0
ID_3Nqf22,0
ID_3oFF62,1
ID_49s7LK,1
ID_kj3zcW,1
ID_5jWr2U,0
ID_TyCLfi,1
ID_jrekZE,1
ID_4XMW7h,1
ID_32aPaW,1
ID_3uiB4K,1
ID_4UMDYr,1
ID_44P4dN,0
ID_3ujrdD,1
ID_AZTGRA,0
ID_9oVkCW,0
ID_38fjGj,0
ID_35cGQt,1
ID_3WXehV,1
ID_49L739,1
ID_3owqVz,1
ID_49TTzd,0
ID_4CCZ9U,1
ID_4Fm3wj,1
ID_4CkLGs,0
ID_43G9QB,0
ID_3LERac,1
ID_4FjL6H,1
ID_4W2WZo,0
ID_4UhexY,1
ID_P5VRrz,0
ID_7PLLnP,0
ID_3PjfFG,1
ID_GsqymY,1
ID_3R3xgr,1
ID_4NVqys,0
ID_47PrYM,1
ID_aD63LV,1
ID_RDACw3,0
ID_3Mqqes,0
ID_3BdENt,1
ID_ez4pMr,1
ID_nsfCf9,1
ID_36EAyV,0
ID_4B7F6k,1
ID_EQwCap,0
ID_4CNoHa,1
ID_zaxjbw,0
ID_32RN84,0
ID_Lucb47,0
ID_egva7P,0
ID_47xmLD,1
ID_4Vbp5r,1
ID_46upFC,1
ID_3qszC7,1
ID_3GYbeR,1
ID_45tzXS,1
ID_3zuF2w,0
ID_3ehqhA,1
ID_3KCxS3,1
ID_RhmTCm,0
ID_4HaYuu,1
ID_npCSQu,0
ID_3RdNXf,0
ID_3LMfgm,0
ID_fFsXhc,1
ID_LhEjcs,1
ID_3mvAiS,1
ID_3NCGYc,1
ID_xmsQQ6,1
ID_3LxNZP,0
ID_32h46o,1
ID_3oPB5y,1
ID_4DzUdf,1
ID_vbFwb9,0
ID_upfYgD,1
ID_3F74Vq,1
ID_FSZTX5,1
ID_3K968k,0
ID_hJwYHb,1
ID_3CmFem,0
ID_3z2JoD,1
ID_4BWn42,0
ID_4VcQ92,1
ID_3U54S7,1
ID_SFyNhs,1
ID_47ToxY,0
ID_45tUWb,1
ID_3dFajN,1
ID_3T9eAN,1
ID_3i9xm6,0
ID_3v39Sp,0
ID_42dL4F,1
ID_jmBLPB,0
ID_43V8fb,0
ID_XMadX5,1
ID_36Y5TJ,1
ID_35TXt6,0
ID_3Sn7qu,0
ID_4FUtSN,1
ID_wwnY7y,1
ID_zgHLFY,1
ID_3UTtHH,1
ID_3UweVd,1
ID_Rb5JX9,0
ID_3RVkJ6,1
ID_p86bfd,1
ID_3ZDHmo,1
ID_4JCSR9,0
ID_3sRCyA,1
ID_Qt2kw6,1
ID_3EndDe,1
ID_xDZ4nC,0
ID_3QKjzq,1
ID_3bwXWJ,0
ID_34ceT5,0
ID_3ZwKSW,0
ID_3gmpMh,0
ID_upG9Td,0
ID_3o8DXT,0
ID_VaHFBd,1
ID_N326Zp,1
ID_cUebyu,1
ID_TB7axU,0
ID_4UgBpD,1
ID_3nxyHc,1
ID_3mfhyE,0
ID_4TSLs3,1
ID_3ctixK,1
ID_35859n,1
ID_3vMBa6,1
ID_3L5YKq,1
ID_35eETf,1
ID_DkpWdx,1
ID_3Ey92B,0
ID_4GMJJN,1
ID_3uGBmN,0
ID_4keCqU,0
ID_3qQFF5,1
ID_47kP6M,1
ID_3dsybp,0
ID_4Frh7e,1
ID_Z7EuJb,0
ID_36yLDH,1
ID_AxYsVg,0
ID_3Ex3bE,1
ID_3jcDnh,1
ID_4DZPFv,0
ID_JpgirR,0
ID_cTyDsY,0
ID_Jnkxjh,0
ID_4RZB32,0
ID_3tWUFx,0
ID_YhUNkp,0
ID_vW9CFX,1
ID_3vYeQ5,1
ID_AbHqq4,0
ID_66ptYH,0
ID_87vBrK,0
ID_3YiveS,0
ID_tK4n4H,1
ID_3e23xj,1
ID_7vVvAT,1
ID_MZ5x6Z,1
ID_6MaRge,0
ID_9BFcB3,1
ID_3ozPVp,1
ID_FNb5cP,1
ID_3TeNbh,0
ID_3GpdYV,0
ID_TarLP8,0
ID_Lk9Ejm,1
ID_8c9puY,0
ID_443ktV,1
ID_4m5tGN,1
ID_aXygtW,0
ID_abcR55,1
ID_BVuP8k,0
ID_3KUreP,0
ID_yUSLMy,0
ID_3Jc3dC,1
ID_3aZYhQ,0
ID_4UuxEN,1
ID_3u52wT,0
ID_uwPJz4,0
ID_bbx5ea,1
ID_4BnWdL,0
ID_YstjdN,0
ID_3LM8GG,1
ID_jjixkL,0
ID_zYgAQK,1
ID_qYpYc5,0
ID_3yEepv,0
ID_w5jJDp,0
ID_q8KRPu,0
ID_iAvHdy,0
ID_3UH4qF,1
ID_4AH2Cb,0
ID_4LSj6M,1
ID_3USX72,1
ID_3S6NL6,0
ID_4JnNib,1
ID_384Awd,0
ID_4MgibS,0
ID_qUWuWA,0
ID_3aQCry,0
ID_ay8CjY,1
ID_35yQSr,1
ID_4QydSL,0
ID_3A63kn,0
ID_3LLdNH,0
ID_UxHFBt,1
ID_3o9VJY,1
ID_ASShdw,0
ID_GGSNeX,1
ID_3hpVEk,1
ID_LBCgmw,1
ID_4QQZEi,0
ID_pG3boV,1
ID_38Dfws,1
ID_3nNZoL,0
ID_3buHti,1
ID_3CVFXU,0
ID_3KsVeT,0
ID_iW3rys,0
ID_3LBpfe,1
ID_UoXTxW,1
ID_3aJQSt,0
ID_4Tx84u,0
ID_tUEQ4z,1
ID_3hfcey,0
ID_NeUwGj,0
ID_3Vhj2y,0
ID_3VoZFz,0
ID_mQ64x7,0
ID_3CYL66,0
ID_4jrhNf,1
ID_4GUf8w,0
ID_4rbY3F,0
ID_8tb25h,1
ID_3LtMLq,0
ID_4PRYF8,1
ID_LCBYVp,0
ID_3qqvTz,1
ID_3o8hCo,1
ID_44T56d,0
ID_45o28B,1
ID_Wd78Lv,1
ID_4DQWF8,1
ID_4BMGfR,1
ID_3g6t2L,0
ID_3HzMjy,1
ID_33QpLh,1
ID_FAcSwT,1
ID_dH72mb,0
ID_3fCuc8,0
ID_tQjx6n,0
ID_3iY9QG,0
ID_N4Ac8B,1
ID_4FwaJr,1
ID_36AZoN,1
ID_3JMgBK,1
ID_3RYnkm,0
ID_avQWiC,0
ID_3Xg6iq,0
ID_46pQ2L,0
ID_3SZUQp,0
ID_4SmNmB,0
ID_ZrSZk7,1
ID_3CBzyF,1
ID_3kbkf5,0
ID_3ifFTN,0
ID_3AvAU6,1
ID_3y2wZc,1
ID_bD6Jqk,1
ID_zBRxTd,1
ID_oqPgmu,1
ID_eX7GeE,0
ID_4UH7cG,0
ID_3nk7fv,0
ID_3WKdK7,1
ID_XenQvp,0
ID_3jtp7f,0
ID_4DDbmu,1
ID_3tACDu,0
ID_3mEJzy,1
ID_3iAwzE,1
ID_4Qkwng,0
ID_BYgEwr,0
ID_dmByYm,1
ID_4WrH7z,1
ID_4C2eYb,1
ID_bLYnnY,1
ID_3GksYn,0
ID_3dYwUh,0
ID_3E5F7A,0
ID_4NuAkZ,0
ID_DhnG6C,0
ID_L7TkQd,1
ID_w7DJJ5,1
ID_3JxgfB,1
ID_3d9LPM,0
ID_45Gadz,1
ID_iB5bDo,0
ID_459Pam,0
ID_3bvyUR,0
ID_DsfL9h,1
ID_3H573T,1
ID_3LznfG,1
ID_3WXaun,1
ID_4Q2xpz,0
ID_3EdyJM,1
ID_JbxRXK,0
ID_3dDgKB,0
ID_xhaYsm,1
ID_pQh4Pv,1
ID_33XVre,1
ID_49dJHX,1
ID_tLM2KC,0
ID_3hByBA,0
ID_3mtNqM,0
ID_3NXveL,0
ID_ZbMVKH,0
ID_5ttRiF,0
ID_4ATRNU,0
ID_4693MK,1
ID_4C5NJQ,0
ID_4L3At4,1
ID_43avK7,1
ID_e5jmNh,1
ID_4GC8N7,1
ID_3PHqr8,0
ID_3XUnRr,1
ID_3rXaBi,1
ID_TRo8bP,0
ID_h5KbmX,1
ID_LkKqsF,0
ID_3R5LTv,0
ID_eDTQHA,0
ID_3XfpWN,0
ID_ar3nzb,0
ID_9QqDPh,0
ID_3uT4t2,0
ID_3PnQF2,1
ID_3aiu9T,1
ID_QsF93k,1
ID_3AEBKZ,0
ID_3T9kgj,0
ID_4J4d7J,1
ID_CDjtLj,0
ID_4VwHPA,0
ID_4CUxbv,1
ID_3jvsvb,1
ID_3RSHdT,0
ID_3Trq8G,0
ID_3xyMB2,1
ID_3X3GLC,0
ID_7Cs3vU,0
ID_dt2sAz,0
ID_68UkZw,0
ID_UVFBo3,0
ID_Gu5dnP,0
ID_37DvN2,1
ID_4RHHzx,0
ID_3qABzX,1
ID_EPvxuj,1
ID_3uHzxF,1
ID_4M52sV,0
ID_BYFRPw,0
ID_kHd3Gw,1
ID_3WmRQb,1
ID_3VijYM,0
ID_46th7i,0
ID_3xtX7m,0
ID_32jbFn,1
ID_42PPNx,0
ID_4VZd8h,0
ID_V4ZiMu,1
ID_TEuzjb,0
ID_tcxrNW,1
ID_4HDkcK,1
ID_DKUboF,1
ID_4FJgH6,1
ID_3sKzHc,1
ID_sVkzmr,1
ID_fHULPU,0
ID_SkhGrr,0
ID_4LkTsJ,1
ID_ssZMEX,1
ID_46cMHD,1
ID_PXjLzJ,0
ID_485zhB,0
ID_3s3Mhm,0
ID_T985By,0
ID_3htxBT,1
ID_fag6FN,0
ID_4H4j8u,0
ID_MMXJW5,0
ID_soRzcY,1
ID_dJLWiP,0
ID_6TP7gp,1
ID_3z9Apo,1
ID_3uRhhx,1
ID_3q8FwN,0
ID_h6fFxi,0
ID_yu4EPA,1
ID_ewkVrU,0
ID_wqX46M,1
ID_4NFuTi,1
ID_4LRxMM,0
ID_4FZmhV,0
ID_faodke,1
ID_32Z8zv,0
ID_3n48fK,0
ID_3cEXh2,0
ID_MT2URw,0
ID_42hiPB,0
ID_3P2nCB,1
ID_3DmrqC,1
ID_u3tCVJ,1
ID_3obzya,0
ID_32Xgn5,0
ID_y5D86C,1
ID_3aRmM7,0
ID_4MrtCq,0
ID_4Frcur,0
ID_3RkLNu,1
ID_4LBoLj,0
ID_4MRwxM,1
ID_3GjP7A,0
ID_4D3Tf5,1
ID_KjkPcD,0
ID_4NomWT,0
ID_azseAq,0
ID_3ggm4E,1
ID_3LKgXU,0
ID_3TJN9r,0
ID_3eJ7YK,0
ID_3k4CV6,0
ID_3PRzkw,1
ID_3Vi8EL,0
ID_5YHdnh,0
ID_49DSTV,0
ID_3a38bh,1
ID_3ofBty,1
ID_6XzVEE,0
ID_3HXEDh,0
ID_3F7m9z,0
ID_496Js7,1
ID_4KkD5Z,0
ID_DZL8r9,1
ID_3Ht3Lx,0
ID_3X7CZX,0
ID_4NxPiF,0
ID_FoJyzk,1
ID_Hmdpd6,1
ID_3u7zLA,0
ID_3mtBm6,1
ID_54xVMt,1
ID_4TMjyQ,1
ID_3zWxuV,0
ID_7mXj6X,0
ID_36kpx4,1
ID_3wf9N2,0
ID_3Pb6Zx,0
ID_4Mxyzp,1
ID_3cvToE,0
ID_VLp69n,0
ID_3UecSr,0
ID_43dPCX,0
ID_VgURE4,1
ID_4SeTjP,0
ID_47LHum,0
ID_3XLVTx,0
ID_3uYBzd,1
ID_L6cgn4,1
ID_xni5FB,1
ID_k7h7pD,1
ID_3Qhv9v,0
ID_4W8XfA,0
ID_iQgBog,1
ID_f7ALaN,1
ID_dWCxH4,1
ID_ToAGP3,1
ID_hpuhRk,1
ID_GBuySz,0
ID_4C6c3E,0
ID_PTNhMX,0
ID_5WX4hD,0
ID_4AjJ8V,1
ID_3ktBjT,0
ID_3xzt4Y,0
ID_3ryhej,0
ID_qhSKDe,0
ID_3M6jSm,0
ID_gScF68,0
ID_3YKWvd,0
ID_4GzgDZ,1
ID_37xvxk,0
ID_mroHUH,0
ID_RgnDB2,0
ID_3PYv8v,0
ID_3VYbh4,0
ID_FYZefN,1
ID_qL2esi,1
ID_3j6RzV,1
ID_3j5M3A,0
ID_G3iTBm,0
ID_TruvWR,0
ID_4WqLxW,0
ID_44jUJ7,0
ID_3KBhnH,1
ID_44TFtF,1
ID_tiJE4B,1
ID_ZYKWtp,0
ID_p2ze9V,1
ID_45xQLK,0
ID_t79ghk,1
ID_gRBvYB,1
ID_3aNWfx,1
ID_3KiRES,0
ID_3TYcuZ,0
ID_grrnfT,0
ID_SrhyTH,0
ID_3Lv8Hi,1
ID_3jqw4Y,1
ID_37pNr5,0
ID_4H7NNX,0
ID_ot7mmi,1
ID_3nGgMU,0
ID_xfmuUz,1
ID_eQhKWC,0
ID_kTcgfn,1
ID_3ix3iV,1
ID_caRLw4,0
ID_ysDKkQ,0
ID_AtXipH,0
ID_334LVR,0
ID_8JBVD2,1
ID_3x27cN,0
ID_3PiJLN,0
ID_3f9tKJ,1
ID_CcDoVK,1
ID_3Gy5Mf,0
ID_g956zd,0
ID_3GFqoq,0
ID_qrTqAF,1
ID_SjfUyj,0
ID_3KyLUx,1
ID_33Qatt,0
ID_5Rn4f7,0
ID_42DZFG,1
ID_3oqQyJ,0
ID_ENPRxG,0
ID_umTZWM,1
ID_4UZvKs,1
ID_3VjnVR,0
ID_KJUZLY,0
ID_inxj2b,1
ID_3zTUgN,1
ID_3kpVVu,0
ID_4NMUeC,1
ID_emisTA,1
ID_3Ni5Jn,1
ID_35GZuA,0
ID_3j92e3,1
ID_4Kayk4,1
ID_44CZtw,0
ID_4FMpzF,0
ID_4GMFzu,1
ID_3kPftW,1
ID_3eSAH6,0
ID_4TQuM9,1
ID_3QdNUy,0
ID_3ZQ4sM,1
ID_49ZDjG,1
ID_3nKphr,1
ID_3zxyTA,1
ID_48tbKV,0
ID_FbfJAQ,0
ID_44Ruom,1
ID_CPEg7j,1
ID_KSffsq,1
ID_33asw2,1
ID_4R6wAM,1
ID_CxC4SY,1
ID_4A7nPb,1
ID_4NiWCm,1
ID_s5Jtex,1
ID_3tMwUD,1
ID_39Qv4o,1
ID_5SXfBf,0
ID_3YA8ET,0
ID_FF9Ebq,1
ID_k6Qptr,1
ID_3i3J6A,1
ID_3eCWG6,0
ID_3XRrh8,1
ID_m7TKo6,1
ID_4SRJSm,0
ID_48MHYw,1
ID_Kfkxcm,1
ID_3NLBD2,1
ID_4HKh5S,1
ID_8DYZy5,0
ID_3JuQe3,0
ID_42ym2K,1
ID_T7iYd8,1
ID_5hh4bv,1
ID_TWc7og,1
ID_4PB9Eo,1
ID_3g8XB8,0
ID_3Hnx5K,1
ID_3s5kpT,0
ID_fLTBSe,1
ID_36wsCM,1
ID_3iSW2w,1
ID_4TXJv2,0
ID_BMwdFm,0
ID_47xrCa,1
ID_3KR8SD,1
ID_LuCc9h,1
ID_3onKoe,0
ID_3zDvQa,0
ID_Mdb4n2,1
ID_iZirM5,0
ID_4PEbuR,0
ID_TbcFis,1
ID_45ZxWr,1
ID_GdhXon,0
ID_3UmdNC,0
ID_d46ruf,0
ID_3CaMPm,0
ID_Y9tjsU,1
ID_rRrPNh,1
ID_3zLtKG,0
ID_37EvPg,0
ID_3uKJKj,1
ID_342JVT,0
ID_3i4Mu8,1
ID_3JaxpD,1
ID_riAxMk,0
ID_4QTv6P,0
ID_3PMNv5,1
ID_4Qp3T7,0
ID_3nToEo,0
ID_4HNzQh,0
ID_3SraXd,1
ID_Bxrnoa,0
ID_3wirLi,1
ID_ssSiRK,0
ID_3rGUaA,1
ID_bCAjwG,0
ID_4MiEa9,1
ID_4DQVUk,0
ID_3an9tk,1
ID_myFq8K,0
ID_y9eFRH,1
ID_Ch67TK,0
ID_3ovuic,1
ID_3bnSvg,1
ID_9C5jUf,0
ID_3DYsBJ,0
ID_wmAZHh,1
ID_4LF8g5,1
ID_XfE57B,1
ID_8r9J5y,0
ID_756KHS,1
ID_SHwJk8,1
ID_3gXL8Q,0
ID_49BALv,0
ID_JK8hjp,1
ID_3etVNx,0
ID_3zDK2W,1
ID_3TzaW7,0
ID_4Br9ev,0
ID_3iGHay,1
ID_DsbL6U,0
ID_vJwHi7,0
ID_42LCYr,0
ID_E7yfQn,1
ID_46GoW7,0
ID_4XmNHU,0
ID_3M9ukV,0
ID_43tCFD,1
ID_t7fkHX,0
ID_EUVXLo,0
ID_gNqkC9,0
ID_QUX5gg,0
ID_FF4JsV,1
ID_3D86wM,1
ID_3nH8ZB,1
ID_4MdeKo,1
ID_36qgck,1
ID_qkqp5x,0
ID_32cnfW,0
ID_3HLAAU,0
ID_MdqMLJ,1
ID_4Abdz3,0
ID_4LEzjn,0
ID_453LfE,0
ID_svZbpz,0
ID_3Kw3Y6,1
ID_4KraoJ,0
ID_bis4YQ,0
ID_3CH49i,0
ID_54HggC,1
ID_86gNkh,0
ID_4RuYsx,0
ID_ruseHn,0
ID_3QgWFz,1
ID_3kmQrb,0
ID_JtWZRn,1
ID_3ANQjT,0
ID_KkMoiU,0
ID_4Ngkmz,0
ID_3fvZS7,0
ID_Vd3wBS,0
ID_3DSpMc,1
ID_sjLxxT,0
ID_uHsPak,0
ID_3cirbc,1
ID_RQTSQW,0
ID_4CcQSX,0
ID_Bc5L7i,0
ID_3zhUHg,0
ID_pBFTcV,0
ID_jkJvJF,1
ID_3vAp6Q,1
ID_dHyyQm,1
ID_F82Upy,1
ID_77D98y,1
ID_3iWd6S,1
ID_FBMDxs,0
ID_D7sTrv,1
ID_3RZtTt,1
ID_E3uDHW,0
ID_Pb8xft,1
ID_GbESdY,1
ID_Hgm7LR,1
ID_3cDJEp,1
ID_3e7QBp,0
ID_4KkzYY,0
ID_3mfyC5,1
ID_3gRSTc,0
ID_3KHrZn,0
ID_4GZPdN,0
ID_37pKru,1
ID_3bUbxE,0
ID_3rDtRR,1
ID_4WXdzq,1
ID_3D6h8T,0
ID_44bZab,0
ID_6fRM4p,0
ID_3Hnevc,1
ID_3EhKNb,0
ID_3DCDPJ,0
ID_3u6PuK,0
ID_4EUzZT,1
ID_beAr59,0
ID_Y8JoKE,0
ID_3BzHeL,1
ID_33w9i3,0
ID_3jHXHp,0
ID_3Z46MA,0
ID_3eVSWZ,1
ID_bG9bHx,0
ID_bD5GF6,0
ID_3Y86KK,0
ID_3dHbtQ,0
ID_3UhahM,1
ID_4UsCFe,0
ID_rS7PkH,0
ID_3JAFkW,1
ID_4HLMwk,0
ID_4RMyuC,1
ID_35JQpg,0
ID_3nJMNk,0
ID_3ZJE6t,1
ID_47kmTe,0
ID_Chjt39,0
ID_4HXWBN,0
ID_3F4sPc,0
ID_ZwqsnF,0
ID_4J9nEB,0
ID_3PiRaw,1
ID_4TgLP2,0
ID_3U3pcM,1
ID_4EkEdo,0
ID_3GBccZ,1
ID_EN3Q5r,1
ID_qSuNdP,0
ID_48tHLH,0
ID_3fwQJn,1
ID_3ftuan,0
ID_36E4M7,1
ID_974UCq,0
ID_3HSwdp,1
ID_4TiKb6,1
ID_3CYpHq,0
ID_pMotJt,0
ID_5uTxDz,0
ID_4PjfFQ,0
ID_4HjDG5,0
ID_fAFNpw,1
ID_3nPsDH,0
ID_3hXYjM,1
ID_LTUx3z,0
ID_8JxJCA,1
ID_o7Cup2,0
ID_RnenUo,1
ID_G7VFor,0
ID_34U8XZ,0
ID_44nFEg,0
ID_xGVSuN,1
ID_9XEBVZ,0
ID_3WNgjt,1
ID_34vTUi,0
ID_7QrwxD,0
ID_3GHefm,0
ID_7BZLha,1
ID_3i3PYW,1
ID_4PvfJe,0
ID_TDZfGE,0
ID_EYpGmt,1
ID_4Xducb,0
ID_3LPxmR,0
ID_3QUro6,0
ID_Q4St8s,1
ID_4Mn3E5,0
ID_3nZrUE,0
ID_3fr5tD,1
ID_3sVqHo,0
ID_4HYhZ6,0
ID_3mBxMu,0
ID_bRbGiU,0
ID_C5Ruya,0
ID_p333JT,0
ID_hYqVzd,0
ID_3U22US,0
ID_3f3cR4,1
ID_KomV3E,0
ID_4HK7dr,0
ID_4AVknK,0
ID_3BBjRZ,0
ID_b9TxZN,1
ID_3x8Bbx,1
ID_3yqTjK,1
ID_cVSWrL,1
ID_3XWzaQ,0
ID_3CS35f,0
ID_9wEk2N,0
ID_4Qgig6,1
ID_4RrFPJ,1
ID_3eUjqH,0
ID_nFkeaM,0
ID_48JnSG,1
ID_4XwdLC,0
ID_wCKWR6,0
ID_3ZVHdM,1
ID_3Ye9y2,1
ID_HrCiss,0
ID_cr2qPc,1
ID_9o69Lu,1
ID_4A8U9r,1
ID_NgWLFn,0
ID_R6RGqF,0
ID_3sfkex,0
ID_3PqKWG,1
ID_38KWQc,0
ID_3vGfJM,1
ID_3RngUQ,0
ID_4VFVBK,1
ID_3PYaWj,0
ID_4HQ8Up,1
ID_387FQd,1
ID_DrrsrG,0
ID_89LoQu,0
ID_YwhUgY,0
ID_3VGkQv,1
ID_3D5JrQ,1
ID_HcDzzD,1
ID_rtTMBs,1
ID_4Ad7gd,0
ID_yaL7pW,1
ID_3ru3LR,1
ID_4U5v27,0
ID_K3Uchy,0
ID_3kAmLL,1
ID_3BSMHp,1
ID_4DcWxE,0
ID_wh45fx,1
ID_3XCHen,0
ID_g4ShLN,0
ID_4h4mo8,0
ID_Q5vtgv,0
ID_4QPUbm,1
ID_3uvKmc,0
ID_3gJYGX,0
ID_3M5BFx,1
ID_3E5fWi,0
ID_sXKKNo,1
ID_3cmR3n,1
ID_tkkm64,1
ID_AXsgyc,1
ID_Lr5fpA,1
ID_3JJHQc,1
ID_4LYYey,0
ID_3NVXXT,0
ID_3fXkXr,0
ID_wXHG27,0
ID_3ESWSU,0
ID_SWeVVv,0
ID_mXd2tr,0
ID_3dBi4a,0
ID_4RnkA9,1
ID_orokf3,1
ID_3cCX5p,1
ID_3XLC8J,1
ID_Pn7RHs,0
ID_3FqYUr,1
ID_svspLD,1
ID_QwMNMQ,1
ID_ktDXLG,1
ID_V9DFto,0
ID_4MDiEN,1
ID_4AjSyb,1
ID_CvAnhR,1
ID_4PoaDm,1
ID_8ckSn2,1
ID_3onevj,1
ID_3PFXTo,1
ID_k9ohFB,1
ID_3T8JgX,0
ID_nEjKLu,1
ID_UYSFbh,0
ID_4Sv9G8,1
ID_sfFNCe,1
ID_GqzQAE,1
ID_3Vzzwz,0
ID_4HDXDJ,0
ID_3sJySv,0
ID_39iiNL,0
ID_tLsbdz,0
ID_3bSaKt,0
ID_EiUcEv,0
ID_FSto55,0
ID_qpyxwV,0
ID_SfZvVm,1
ID_WJY7w9,0
ID_4Exvr9,1
ID_4RDUhH,1
ID_w2ynZC,0
ID_AYW6YS,0
ID_wkX9My,0
ID_DZESVs,1
ID_3wLvWo,1
ID_gTFtg5,0
ID_4ACSNy,0
ID_W2MQcE,0
ID_33jDhc,0
ID_CvpVdb,0
ID_32YpCu,1
ID_3R7RJW,0
ID_3eUQ5q,0
ID_35nf7c,1
ID_J5Lizp,0
ID_3zThWJ,0
ID_43N3Xg,1
ID_3jWudQ,1
ID_4UHtQm,1
ID_qsdG7c,0
ID_3Jw8qp,0
ID_3pWTQ2,0
ID_3JgjNz,0
ID_TEE8WG,1
ID_Lc22La,0
ID_38bXXn,1
ID_QibkuN,1
ID_4dRtq5,1
ID_4TcEFx,1
ID_4XmRt9,0
ID_4SYP5h,0
ID_3rAuRk,0
ID_3ecwUb,0
ID_jg2fjZ,1
ID_BaVeEf,1
ID_3mUuC6,1
ID_wfufFe,1
ID_3rMfSr,1
ID_AoR8Vd,0
ID_3VtF33,0
ID_3NVFcy,0
ID_3vDZte,0
ID_3H6aUv,0
ID_pUKq8R,0
ID_vQgmTy,0
ID_3Wy6oT,0
ID_QQdDhv,0
ID_36j9T4,0
ID_J4TeEj,0
ID_5Hn6us,1
ID_HoKh3g,0
ID_Mn2i28,0
ID_39St3u,1
ID_49kbAX,0
ID_35wuKr,0
ID_wHWjQb,0
ID_Vi8m6W,1
ID_WrvycR,1
ID_3Z9uMi,0
ID_3mjhZQ,1
ID_3bND9y,0
ID_3Wvjb7,1
ID_kJNqgs,1
ID_hahv5w,1
ID_hnbo9t,1
ID_BRWVUB,0
ID_WSwzxN,0
ID_45vKTZ,1
ID_3VXrVd,0
ID_3vrgDx,1
ID_kHQd6A,0
ID_3HXcvP,1
ID_4Q82U5,0
ID_378f2A,1
ID_3CMyf6,1
ID_3BR4r8,1
ID_3Y5cX8,0
ID_3QgQZL,0
ID_3Yry7t,1
ID_4UkCtR,0
ID_3nBXaC,0
ID_3g84Yj,1
ID_3dhLf5,0
ID_8DMk2R,1
ID_oX6fwF,0
ID_4VULZi,0
ID_3eUzCH,1
ID_8T6CUp,0
ID_Rozegh,1
ID_3ZtWbm,1
ID_3dwZYP,0
ID_owZdBs,0
ID_46pWga,1
ID_45pgPd,1
ID_3XTkF5,1
ID_3qR8rG,0
ID_Mcpdbt,0
ID_3CpDy9,1
ID_pfLuBJ,1
ID_3ZTQ5p,1
ID_3zZYxG,1
ID_4HeTyL,1
ID_3pJ3ea,0
ID_fUa93L,0
ID_HgKKjk,0
ID_dvLvTd,1
ID_vGLEtm,0
ID_3qgZuX,1
ID_4GpVHQ,0
ID_4FPoG9,1
ID_amoWPw,1
ID_MvzJ39,0
ID_pTQYUo,0
ID_oQR73H,0
ID_4UNpXr,0
ID_ud3kNp,0
ID_3AsoT4,0
ID_3RkYoY,0
ID_H32xQK,1
ID_Vg4rNn,1
ID_3Py9pC,1
ID_3ns2Pe,1
ID_4Soxa9,1
ID_48Cbh8,0
ID_3dmF9A,0
ID_BijgPq,0
ID_3GiPTm,0
ID_3wpVrX,0
ID_4JKAcz,1
ID_35f4zM,0
ID_kydDvh,0
ID_3fqpED,1
ID_649XLH,1
ID_4EsmN3,1
ID_hSDd3S,1
ID_ohxaDt,0
ID_LpyFsU,0
ID_3GUgeZ,1
ID_vjYvY4,0
ID_3YDcAL,1
ID_CP39dz,1
ID_CsefKZ,1
ID_3YJUWS,0
ID_42kcvj,1
ID_3urSoK,1
ID_7JssNh,0
ID_3jbyox,1
ID_STtmPh,1
ID_tifhMk,1
ID_3MAhRd,0
ID_43C6MF,0
ID_4DZeX6,1
ID_4Qm5hn,0
ID_3vpT9u,1
ID_so9Zjq,0
ID_82SDf4,0
ID_36iF84,0
ID_38StUs,0
ID_jh6wSK,1
ID_3wrUxd,0
ID_u2hvXX,0
ID_gaQRLQ,0
ID_ANYd8N,0
ID_3jAZvQ,1
ID_3SYFbH,0
ID_34GtN5,0
ID_MQ3Nct,1
ID_4KJFAX,0
ID_3oDpQg,0
ID_3fTSRP,1
ID_qJcgF7,0
ID_3BBfBa,1
ID_s2M784,0
ID_uaXVyp,0
ID_3aiWfF,0
ID_fDg6Xz,0
ID_434Uxj,0
ID_3fBQrW,1
ID_Jpjxjc,0
ID_WNpzXb,0
ID_42xSun,1
ID_4FnwcF,0
ID_aQHY6a,1
ID_3zJj4b,0
ID_464eFH,0
ID_35Nq4i,1
ID_4LwEyw,0
ID_3hnWHw,1
ID_4QHspA,0
ID_3xWLLd,1
ID_3Pxwaa,1
ID_43MNXE,1
ID_3A2JKE,1
ID_4NeGJd,0
ID_4oTEQT,1
ID_KKCKVK,0
ID_ssFGXg,0
ID_4LSEip,0
ID_KQoF4U,1
ID_42APEG,0
ID_pptoeH,0
ID_4RZkW4,0
ID_4SeKrC,0
ID_7sn5zE,0
ID_3SWcJU,0
ID_rKELiD,0
ID_d2oNgH,1
ID_3qZuQM,0
ID_Wtdb82,0
ID_XhgVLB,0
ID_3qDLhf,0
ID_R7kgun,0
ID_3xzJQu,0
ID_F2eXQN,0
ID_3SQiGV,1
ID_3QujRT,1
ID_UeS7Ds,0
ID_4KmoBi,1
ID_QhZsc4,1
ID_8RZYRo,0
ID_4PkZJ8,1
ID_3zjNdi,1
ID_HF2Q7J,1
ID_4VYnd8,0
ID_4PbNK4,0
ID_3rCXLc,0
ID_45w7eJ,1
ID_RGyrTX,1
ID_4EFBuo,1
ID_4BCzxW,1
ID_3K2LNx,1
ID_4MjRjU,1
ID_37Xos5,1
ID_48MwTv,1
ID_3MyRma,1
ID_4QqTSm,0
ID_4QbzLp,1
ID_DVMeuy,1
ID_38ATdG,0
ID_DY8a9z,1
ID_HB8vUk,1
ID_4GNTJS,0
ID_4LrNVx,1
ID_4Wxn5Y,1
ID_4MhKEh,1
ID_5kWDQ6,0
ID_3RD44r,0
ID_3uUvxV,0
ID_32CqZn,1
ID_3SmHJi,0
ID_48959G,0
ID_R4gqQh,1
ID_4THUWN,0
ID_UY2tfk,1
ID_4Q4Vtq,0
ID_4HxTRj,1
ID_4HXzW5,0
ID_36wnrQ,0
ID_3TMwEP,1
ID_FTqD2X,0
ID_ZFqv5f,1
ID_3JzxGw,1
ID_6ipwrV,1
ID_CpJ3Ch,0
ID_aThMCf,1
ID_3KkGGR,0
ID_B5Lwdg,1
ID_3KntxV,1
ID_SuLmkT,0
ID_pMpLDd,1
ID_3eT4rt,1
ID_37vWiq,1
ID_eepTQR,0
ID_WVVeBH,0
ID_4LJoY8,0
ID_3Uiuww,1
ID_3uY9VB,0
ID_4U6Ruu,1
ID_3BZ4uJ,1
ID_3TiuLJ,1
ID_PxxSj4,1
ID_38mdxy,1
ID_C4Zv76,0
ID_3ETkb2,0
ID_4Ejv2h,0
ID_4KWaxT,1
ID_42ZARG,0
ID_3kRtZB,0
ID_H7USzt,0
ID_Ar76xg,0
ID_4ExCpz,1
ID_4KtTrS,1
ID_3uMFGW,0
ID_3PqUZp,0
ID_4LCFXY,0
ID_gAWMn6,1
ID_bMTkat,0
ID_uKq8jd,1
ID_3qxSQx,0
ID_3hdg2W,1
ID_jsEH5q,1
ID_EZFYzi,1
ID_8Pzdrk,0
ID_38cpGb,0
ID_nxoKAn,1
ID_3qK7co,1
ID_Tx857P,0
ID_eNrxbv,1
ID_3xiCfk,0
ID_6DJBQR,1
ID_3YyB2y,0
ID_3Xq7aC,1
ID_TvEbog,0
ID_3tK2dH,1
ID_TiTwBZ,1
ID_42RqaC,1
ID_w3HSgw,1
ID_iXKQQW,0
ID_4MMXfq,1
ID_8ctVbi,0
ID_3LrkH4,0
ID_3ah4JJ,1
ID_34Fipa,1
ID_35J7NV,0
ID_Zz9WmE,1
ID_3K2VtC,0
ID_3DkAJn,0
ID_3rCLZa,0
ID_cmZjvC,0
ID_3x6Qj3,1
ID_3r3FPc,1
ID_fWG2cV,0
ID_LLqpGc,0
ID_pesE5R,1
ID_5ZSJYu,0
ID_3VkZTS,0
ID_U9yLmj,0
ID_3QPwrr,1
ID_qp4GPD,1
ID_smHiXN,0
ID_BN2SPJ,0
ID_dECLYX,0
ID_4HCkBw,1
ID_S8Hc4k,0
ID_42Z4hD,0
ID_4KjPfx,1
ID_V7ZcqB,0
ID_y3MBMV,0
ID_3mykKq,1
ID_9BpQxF,1
ID_3c2ypP,1
ID_3h5VAU,0
ID_AFKPpH,1
ID_3ayMCK,0
ID_38mChy,0
ID_dpjXED,0
ID_zEhqT9,1
ID_NoEaux,1
ID_xcdZ3X,1
ID_hiBs2D,0
ID_Gtb5EH,0
ID_3cgJgA,1
ID_3XmW6B,1
ID_3StDFj,0
ID_nmVUC3,0
ID_3PiesA,0
ID_uAfpvZ,0
ID_4KJCbL,0
ID_3AQtJn,1
ID_KfytRi,0
ID_efs93Q,0
ID_3MdzHp,1
ID_3ecSbv,0
ID_4UEfbX,1
ID_32vk9R,0
ID_3XF72p,0
ID_4MEPGf,1
ID_43tGkz,1
ID_4B7sqe,0
ID_FcvgYN,0
ID_4gYgxz,1
ID_4H5bfb,1
ID_337SzH,0
ID_SBni2k,0
ID_CNMvdM,1
ID_3Kpafn,1
ID_4HiqZw,1
ID_QjDWq5,1
ID_44adAy,0
ID_36hwLG,1
ID_3gB578,1
ID_3sj8tq,0
ID_3mHUTF,1
ID_49vitf,1
ID_3fFvHu,1
ID_4BgfGX,1
ID_onyFiW,0
ID_4NfqTB,1
ID_4LnTds,1
ID_VJcLEB,1
ID_wXuoMD,1
ID_4XsQP6,1
ID_3SSEQr,1
ID_45FsMF,1
ID_ReoDuB,0
ID_3rYc74,1
ID_ReiMdG,0
ID_3akU8g,0
ID_3rniZ6,0
ID_3FK72c,1
ID_4WvUmC,1
ID_33nkXd,0
ID_BFAQe3,1
ID_4EZru4,0
ID_4TneuC,1
ID_3fCA8S,0
ID_4AaT6d,1
ID_3N8YUb,0
ID_4TEFGz,0
ID_44Yyht,0
ID_wa8hA8,0
ID_3SRUCx,0
ID_w2B7uZ,0
ID_WzPUrF,0
ID_3miVqG,1
ID_3uA9C3,1
ID_3RmWSm,1
ID_34g95q,1
ID_33BHMG,1
ID_4Ji6kE,0
ID_j2c7an,0
ID_3FiXdg,0
ID_G84M9D,0
ID_EkqnmW,0
ID_4X7RhN,1
ID_4LWhit,0
ID_chzt6s,0
ID_4WNKs6,0
ID_33i49s,1
ID_3Y557F,1
ID_4SRMSm,1
ID_3Tcg4G,1
ID_4E8HtJ,1
ID_gm6trZ,0
ID_XdAFKQ,1
ID_rupkPF,0
ID_jemQxE,0
ID_3KWdNA,1
ID_MHEzCM,1
ID_Cr8wtf,0
ID_44uJxV,0
ID_3Miv4J,1
ID_VK32Fo,1
ID_3m9CAz,0
ID_5SPvmL,1
ID_GdvWCT,1
ID_3ZaG8v,1
ID_Dotvhb,0
ID_yqXYdf,0
ID_DUnsjY,1
ID_3PtGr4,1
ID_J6H5s4,0
ID_SnFKGT,1
ID_3i2SMG,0
ID_3cM2XT,0
ID_cRuLPF,0
ID_AfHnhC,0
ID_3NN232,0
ID_v2c4hZ,1
ID_3hRtWd,1
ID_46bJVi,0
ID_bVhM6T,0
ID_3gPUnm,0
ID_bpRUEt,0
ID_WTow92,0
ID_3wmNZ8,1
ID_qnZnZ7,0
ID_ZqKdXz,0
ID_4UqvNa,1
ID_SrHCPQ,0
ID_4TCVLw,1
ID_g5bYaD,0
ID_Lqer5d,1
ID_uMogyF,0
ID_3Jqd5N,1
ID_v5UdLz,0
ID_UQa5KR,1
ID_3QWa6a,0
ID_4QoYnY,0
ID_yJnHM9,0
ID_zKqWcT,0
ID_RM6rTn,0
ID_3TQiBv,1
ID_44uV6y,0
ID_7NuEWQ,0
ID_3Rv6Aj,0
ID_84bm6s,0
ID_3niMKX,1
ID_vU9aMz,0
ID_32hQRC,1
ID_iYmHm5,0
ID_3WQM85,1
ID_4CL5Nf,0
ID_fgY93h,0
ID_BeDf4Y,0
ID_EZPmeJ,0
ID_33a5m7,0
ID_3oyFdz,0
ID_3Ce3a9,1
ID_3CGwsj,0
ID_MQum5g,0
ID_4SQzZK,0
ID_3GfkHf,0
ID_QX3RmY,0
ID_NPM4rP,1
ID_3wE3tN,1
ID_bGnyBp,0
ID_3NiNvt,0
ID_3AP7YU,0
ID_3odCFY,1
ID_BA8how,1
ID_35eS9p,0
ID_3xWebW,0
ID_8BJpzx,0
ID_4MJ9hs,1
ID_3LWTgA,1
ID_3quKZa,1
ID_3n4CEm,1
ID_324zgL,0
ID_3t49Kg,1
ID_3oUybL,0
ID_ba9uhv,1
ID_3xQhmR,0
ID_4NDrDc,1
ID_3YAunY,0
ID_3zVbUt,0
ID_KT5ehN,0
ID_3q9zYN,1
ID_esqcMc,1
ID_V6Afvz,0
ID_3mRRQk,1
ID_3U5jXx,1
ID_hamkVp,1
ID_xaJMmz,0
ID_ioyWFF,1
ID_36cwEN,1
ID_7BKiUo,1
ID_4Tnroi,0
ID_3wCGhD,1
ID_47GQDs,0
ID_3iWEDM,1
ID_4EenMT,1
ID_4A6MBi,1
ID_3eXv8p,1
ID_UQZdD8,1
ID_3tK7LZ,0
ID_KT4Scx,1
ID_3NvktB,0
ID_3rUMeH,0
ID_3pZD5d,0
ID_4Pivvw,1
ID_n6o733,1
ID_XyxChG,0
ID_fWKWMU,0
ID_5FpwbN,1
ID_3pUBJA,0
ID_7K54JV,0
ID_4RjsaR,0
ID_EGN3kM,0
ID_3kXpb9,0
ID_4EVop3,1
ID_3pXhHe,1
ID_3NgkWJ,0
ID_wDwf6X,1
ID_3vHhhH,1
ID_42Fgpx,1
ID_3R5maj,1
ID_4AfDDB,1
ID_36ZdwY,0
ID_35VB7f,1
ID_33wYCh,0
ID_47wHxz,0
ID_YzuwDU,1
ID_Uni2f5,1
ID_bZrKmL,0
ID_tAdBJ6,0
ID_3P6U4o,1
ID_sqrWMa,1
ID_4A5EgL,1
ID_3vP4DP,1
ID_qsJDVc,0
ID_3adbHF,0
ID_ATHnnq,0
ID_zzvwWg,0
ID_3BS82z,0
ID_4THkAk,1
ID_5Dofsk,1
ID_4WL6YF,1
ID_3y4qK4,0
ID_4KnjWS,0
ID_BgUqR2,1
ID_3NeZow,1
ID_aMiath,1
ID_7gz9bH,0
ID_4AqRzg,0
ID_h9VHwT,0
ID_3SNjHJ,0
ID_htC9sb,1
ID_3QGoaA,1
ID_VLPRci,0
ID_4TAscB,0
ID_38qAwJ,0
ID_34NJvz,0
ID_fqJJQG,0
ID_3wzPFc,1
ID_3XGuJj,1
ID_3PLFvs,1
ID_FneUVA,0
ID_TL4Z4X,1
ID_42kz2c,1
ID_RxK9Pt,0
ID_3hffx3,0
ID_3wYZtk,0
ID_4AHm9o,1
ID_3UMSvH,0
ID_DR9L6h,1
ID_RHzVDw,1
ID_hxGXuA,1
ID_Vns4vu,1
ID_3CHksd,1
ID_3gTjGT,1
ID_ePhPbG,0
ID_4BtkEy,1
ID_4986Np,1
ID_3n3jcU,0
ID_33hWVX,1
ID_3BQhoZ,1
ID_QxEHXZ,0
ID_3pdtSM,1
ID_4BaUHa,0
ID_vShPYM,1
ID_3yL7BW,0
ID_ZfeURU,0
ID_sub3uK,0
ID_ueVVLj,1
ID_nipfvF,0
ID_fXYrzc,0
ID_3T9Gf5,0
ID_Ypnprr,0
ID_qeHt3d,1
ID_3Y8ZWm,0
ID_4LguhW,1
ID_EX6qAG,0
ID_hZywob,1
ID_39sThR,0
ID_fSMA2w,1
ID_3eMS3J,0
ID_4VQJYP,0
ID_3YsSYt,1
ID_382xiK,1
ID_6xHoiB,1
ID_3L25TB,1
ID_ySNF8Z,1
ID_3yiw4p,1
ID_7hhMf9,1
ID_PkcVcZ,1
ID_3LC6KS,0
ID_3PqKE4,0
ID_rPTLwV,1
ID_NW3gJ5,0
ID_4VS3id,0
ID_48QNHd,1
ID_3L7mpG,1
ID_3mquXp,1
ID_3j9vkE,1
ID_3ZhN5b,1
ID_43A8bs,0
ID_JW83Fo,1
ID_3gXesy,0
ID_bnCwFW,1
ID_3B4NvX,0
ID_37mnJZ,1
ID_caxW4u,0
ID_bCTUPd,0
ID_p2nv4E,0
ID_3whGvt,1
ID_3CWNBG,0
ID_47KsdW,1
ID_4Rcvaw,1
ID_3XQiHX,1
ID_4Mv35S,1
ID_7JUYYZ,1
ID_tNfXDV,0
ID_3XrSoA,1
ID_497W4a,1
ID_4LvJ4z,0
ID_43ugT4,0
ID_4AAXSx,1
ID_3dEySb,1
ID_3FYsmg,1
ID_PrAr5y,0
ID_3qixcR,1
ID_3RkGkS,1
ID_4GfM9Z,0
ID_3gHLnX,0
ID_4XShR5,1
ID_3U3HJR,1
ID_3g9dtC,1
ID_3ZZbGm,0
ID_34x7yf,1
ID_Hv2HF3,1
ID_3vLpEv,1
ID_4R5SQC,1
ID_FrGcGo,0
ID_3vog2D,1
ID_mNGhNo,1
ID_4S8XXS,0
ID_3Y5SJf,1
ID_oBGQsJ,1
ID_LBSExr,0
ID_kTBv8p,0
ID_4QD5Bh,0
ID_47BpQR,1
ID_4L4yS2,1
ID_4JtUW5,0
ID_3VS8bv,1
ID_4U6rTR,1
ID_3yaqZL,1
ID_3nLkYU,1
ID_4J6QpM,1
ID_49fHxF,1
ID_3E6EQH,1
ID_3D5RZ2,0
ID_3yHuNs,0
ID_3ju6kb,0
ID_4Q9qmp,1
ID_3FvVNp,1
ID_RqoytQ,0
ID_3py6WZ,1
ID_oP2Dkr,1
ID_63cBLD,1
ID_3AZ96C,0
ID_xtVkTh,0
ID_44RCgn,1
ID_iWXH4G,1
ID_3pWYAP,1
ID_FXhAiH,0
ID_4UYLdU,0
ID_33zxoo,0
ID_3LjYVU,1
ID_ngKxs5,0
ID_4B6mW9,1
ID_46MoeK,1
ID_3UdWLA,0
ID_3MCUFg,0
ID_Gw2tih,1
ID_47XY6N,0
ID_4AQQi5,0
ID_4Gtu4V,1
ID_bQvzEP,1
ID_3b7JSg,0
ID_47KXf8,1
ID_PmwMKT,0
ID_4KzxaP,1
ID_CNqSbg,1
ID_SVfDVa,0
ID_emS5mz,0
ID_3x6sMA,1
ID_Ps7uWk,0
ID_yaV4J2,0
ID_379MiA,0
ID_3j7k4e,1
ID_3APDYa,0
ID_JvyD2x,0
ID_rhrxbc,1
ID_KTY6hh,0
ID_hjmruj,0
ID_49DUCW,0
ID_3CmEU3,1
ID_tNQuXB,1
ID_3DMDyf,1
ID_3zecQP,0
ID_PZeBKD,1
ID_zB8Z3d,1
ID_4XfE7C,1
ID_3HV3Us,1
ID_4Jvcop,1
ID_3qsSu3,1
ID_4AY6ji,1
ID_4Te3R3,0
ID_4H5e2z,0
ID_44ogFh,0
ID_3aboyj,0
ID_Bz93Xt,0
ID_rauDxs,0
ID_iYaYsd,0
ID_wFg9w8,0
ID_45Kdjs,0
ID_4S4gHz,1
ID_dqWAdd,0
ID_3gUyzz,1
ID_3adD8V,1
ID_3TQiES,1
ID_BVwFFr,1
ID_CyzczG,1
ID_4B2StX,0
ID_4Qsi54,0
ID_3qrrrK,0
ID_9omuCF,1
ID_3mxAoU,0
ID_NFzpdk,1
ID_mmKZPg,0
ID_3Afhj5,1
ID_4MSgfD,1
ID_3huffT,1
ID_4v6xRT,1
ID_sKokwt,1
ID_3nNfmP,1
ID_Gj5Kzi,1
ID_3ohtoX,1
ID_csfQM8,0
ID_3qRQYZ,0
ID_XdpqCJ,0
ID_42Uuoo,0
ID_JWzVdZ,0
ID_KKWb5r,1
ID_4DyWU5,1
ID_3T5rkG,1
ID_3dRrSp,1
ID_4LUoio,0
ID_3MxixG,1
ID_JSjNab,1
ID_k3NbKb,0
ID_4Wajo9,0
ID_496YrS,0
ID_3QTXAg,1
ID_rFvstT,0
ID_qhpDor,0
ID_8pYyzg,0
ID_3cxWwX,1
ID_4NuKUB,1
ID_ovJQ4a,0
ID_8Lvr8N,0
ID_45G8sa,1
ID_38NZWR,0
ID_kKKGSa,1
ID_MjkfHU,1
ID_6iWKcz,0
ID_3LSTLD,1
ID_3HDq7N,0
ID_4UYbvj,0
ID_sfSwsW,1
ID_3wAcZs,1
ID_3gjYLR,0
ID_KDjys6,1
ID_fe6HtC,1
ID_GHRcQ9,0
ID_3TwDgn,0
ID_4VDPs6,0
ID_aze95t,1
ID_WiAVkX,0
ID_BrqHev,1
ID_4RUEwx,0
ID_3bmiUB,1
ID_3bXbiV,0
ID_M3GPkj,0
ID_34o49q,1
ID_3LTF2Q,0
ID_46uAvm,1
ID_4Lm5gV,1
ID_3p4iCZ,0
ID_3mhTnK,1
ID_3C2XjG,0
ID_4DvPL6,1
ID_3mWxF3,0
ID_4L2cE6,0
ID_RD88wM,0
ID_3r9WDE,0
ID_3FxKzM,0
ID_392Sf8,0
ID_3tef7J,1
ID_9nXBp5,0
ID_37T2Dq,0
ID_YVEKUw,1
ID_3ffrTV,0
ID_3aaqZQ,0
ID_TYcqW4,0
ID_4W9rJu,0
ID_eKjZre,1
ID_FqBrLN,1
ID_oNTbPH,0
ID_35HCtj,1
ID_3VacMd,0
ID_46kjaH,1
ID_4Fov9c,1
ID_4MvuXD,1
ID_5pH4XE,0
ID_mKCRQH,0
ID_fL5PZU,1
ID_4NK8ZZ,0
ID_3fPGVd,1
ID_AKFiBz,0
ID_3wyE3q,1
ID_3t3tnA,0
ID_4AwzpT,0
ID_3JtW2C,1
ID_pB2pof,0
ID_4XR9wm,0
ID_TDJYqi,1
ID_3zQuiu,0
ID_wkYTz2,0
ID_4TCthZ,1
ID_tzzmsg,1
ID_48kANf,0
ID_4RkVx9,0
ID_3opRZh,1
ID_3EjWYU,1
ID_3aiv5B,0
ID_4WNwR6,1
ID_3eeSzi,1
ID_Xdvzih,0
ID_4L2Enb,0
ID_6UZXek,1
ID_VjB6ZT,1
ID_vYWTd3,0
ID_9EN7MB,0
ID_jeZ3av,0
ID_oVhEg2,0
ID_3CtDNQ,1
ID_uSfc87,0
ID_3FCtQD,0
ID_4GvT5U,1
ID_4DYeND,1
ID_4BJd5x,0
ID_AaqiQo,0
ID_3KQRFU,0
ID_3LXiZ3,1
ID_stNXAk,0
ID_4LoZVE,0
ID_JUPGK3,1
ID_JWYyLS,1
ID_EgAM2f,0
ID_6hWTon,1
ID_ANVgSK,0
ID_4QVE9h,0
ID_3W6LyD,1
ID_Ct37Uf,0
ID_4EQXgB,0
ID_3GYQnQ,0
ID_3n9qHu,1
ID_3QQWei,1
ID_qpPmz8,1
ID_35jY95,0
ID_4HmfoS,0
ID_N4D7eF,0
ID_3WCezD,1
ID_3Wr6tP,1
ID_3rjpN2,1
ID_bHWGho,0
ID_4QJXWp,0
ID_4ASAFb,0
ID_44NBXq,0
ID_NuHZbE,0
ID_3NhFC2,0
ID_BnpKyg,0
ID_4Bgmi5,0
ID_4WUqyP,1
ID_3hUBrv,1
ID_4RgRUL,0
ID_47bp7Y,0
ID_3YtHnm,0
ID_46DSNk,1
ID_3cGkuF,0
ID_48iEqW,0
ID_3DqTr7,1
ID_s9KMnw,0
ID_3JwJtR,0
ID_EKYRUg,0
ID_3xB7MT,0
ID_3hqjSa,1
ID_z3afEY,0
ID_4SVUn6,1
ID_V4dugU,1
ID_JRXvHg,1
ID_38pL9g,1
ID_3B924p,0
ID_3kErmH,1
ID_3YTm24,0
ID_3VmKrH,0
ID_3SsDw5,0
ID_NNAEWQ,1
ID_sxje4J,0
ID_3ipqwC,0
ID_3VfKMq,1
ID_3eZx4y,1
ID_368sBC,0
ID_vpXW4b,0
ID_38vNjq,0
ID_xYqJcQ,1
ID_mnuiBk,1
ID_3rnbig,0
ID_3mdREw,0
ID_bshqB8,1
ID_48iGHY,1
ID_3xb54y,1
ID_3cSKwn,0
ID_8ZFSiM,0
ID_3PC4EX,1
ID_4BbV4q,1
ID_4W8Uir,1
ID_3Lmp48,0
ID_sM56Fo,0
ID_3fLh5M,0
ID_ozH9Gb,1
ID_3q7SgW,1
ID_3fC3wH,1
ID_wbzSR9,1
ID_3L5JYE,1
ID_4EgaPQ,0
ID_3Sr2o8,1
ID_nLHr5C,1
ID_xKbdhM,0
ID_4Hh5mN,0
ID_37gfNa,0
ID_4Uxc4p,1
ID_3TYEDU,1
ID_Nqka7B,1
ID_3cvgWz,1
ID_74GAtx,1
ID_Ww3bfg,1
ID_4HweuU,1
ID_9RZESQ,1
ID_46AJGQ,0
ID_3eVBU4,0
ID_9HaZmJ,0
ID_3pihxj,1
ID_4MZ8fi,0
ID_33a8uy,1
ID_4HTt8Z,1
ID_3kBqFs,0
ID_3cycqu,0
ID_39rSfi,0
ID_nx7VZb,1
ID_3ixdwP,0
ID_c4FCtM,0
ID_7BuT8K,0
ID_46hWqR,1
ID_4WoS7o,0
ID_4Nu3SU,1
ID_3stUHp,1
ID_tdwku6,1
ID_4MmfK2,1
ID_xhkpvm,1
ID_AYTcfX,0
ID_47McMt,1
ID_4VqNyE,1
ID_3N5J9e,0
ID_f3NFid,1
ID_oFWgcL,1
ID_4SGLrT,0
ID_3QcfFN,0
ID_3Tdavw,1
ID_GijkEa,0
ID_8QzhYg,1
ID_3g2H2K,1
ID_3zDWZ6,0
ID_48VAib,0
ID_mrTpAr,0
ID_3vqX7e,1
ID_4CxHqN,1
ID_48DUuv,1
ID_p7hbrb,1
ID_4XJtEV,0
ID_3GsYu3,0
ID_3gu9LZ,0
ID_3rF34S,0
ID_nRmLie,1
ID_fZifCL,0
ID_M64NVd,1
ID_nrm2Kt,0
ID_4RBSRe,0
ID_bbF7SN,0
ID_3hNfUk,1
ID_3hDMDx,0
ID_3mzoFx,0
ID_zx4ZB6,1
ID_4CUErx,1
ID_35EDwv,0
ID_3pUWLQ,1
ID_3fZ6ax,1
ID_4QFJNW,0
ID_4P99bj,0
ID_3fjeHG,0
ID_3A57Z2,1
ID_3eZqid,1
ID_3r3ayc,0
ID_4B83QD,1
ID_44eNZe,0
ID_3CraQd,1
ID_3GCxLf,0
ID_44JVZy,0
ID_3oktGd,1
ID_4HNNxs,0
ID_4BDs4F,1
ID_nySXPZ,0
ID_3giZoy,0
ID_9RFfiX,0
ID_3nHq9d,1
ID_3z7MTr,1
ID_p9aRuF,0
ID_4RaAWT,1
ID_wUWLzh,1
ID_4KBB23,0
ID_3GncqF,1
ID_3LZYFN,0
ID_Qm9WSA,0
ID_47kXbq,1
ID_3DMMct,0
ID_YUucXF,0
ID_3Dz2M6,0
ID_3CcUy7,1
ID_3CSYba,1
ID_GQvfNV,0
ID_45xuWd,1
ID_3N4TRQ,1
ID_44cxEs,0
ID_hprzdu,1
ID_3j6wnh,0
ID_3WQVsw,0
ID_3ZqRgb,0
ID_RUEVSB,0
ID_3E8P8S,1
ID_ji4Z58,0
ID_348R5w,0
ID_3628yh,1
ID_4GrsCi,0
ID_3KtjM9,0
ID_KxDnQU,0
ID_3J36nW,1
ID_422uz6,0
ID_3CFkdb,0
ID_pyMcUu,0
ID_42qWFN,1
ID_4Kz95r,1
ID_4DigRn,1
ID_3tEtpk,1
ID_yw9sTc,0
ID_o7z6Wc,0
ID_FekBsp,1
ID_4DzKjP,1
ID_SJ5uvC,0
ID_ZfVZ5y,0
ID_giZCGN,1
ID_3gsPtW,1
ID_XQ2Y8x,1
ID_4B29pY,0
ID_3nL9HM,1
ID_3ynitm,0
ID_xrNioh,0
ID_79oMWz,0
ID_gtpkMG,0
ID_3fJrNQ,1
ID_3iNW9P,1
ID_3yvujX,1
ID_3CfY3R,1
ID_362vFf,0
ID_robAtx,1
ID_4L5DnC,1
ID_3zKkpk,1
ID_KXkjCA,1
ID_9DFLzg,0
ID_3whzWv,1
ID_42Cdt2,1
ID_3ZtSvr,1
ID_3bZN9J,1
ID_3ZtycW,1
ID_4FPtMY,0
ID_3vYL8k,0
ID_4B4eBC,0
ID_3Kmmhx,1
ID_3grKzq,1
ID_4VJmQv,0
ID_4HG9ks,0
ID_SWdqn5,1
ID_c9xCWt,1
ID_p4HfcL,1
ID_3uove5,0
ID_47gZou,0
ID_3ktxo8,1
ID_wo5QJi,0
ID_wv2rGX,0
ID_Y6xgwp,0
ID_oKA7MF,1
ID_4MDYrH,1
ID_36hi9j,0
ID_94uZKH,1
ID_8DdSne,0
ID_8pjfJx,1
ID_4AS47y,1
ID_nkuShW,1
ID_mu3Zo8,0
ID_3rbHKi,1
ID_32nP8S,1
ID_Tb9uA2,1
ID_uDagbn,1
ID_3p7zkc,0
ID_XsHUX2,1
ID_3ZM8GZ,0
ID_3sPt7b,0
ID_xMVwxP,0
ID_AoGNVD,1
ID_3LHCsR,1
ID_Rr3JaD,1
ID_3z4swB,1
ID_X6pTz9,1
ID_4QWEik,0
ID_J7tKWt,0
ID_uXG6rV,1
ID_4UqUSR,1
ID_Fjbh9C,0
ID_CshiEV,1
ID_Vc9ypd,0
ID_MF8UVF,1
ID_4PUB6d,1
ID_44XUS2,1
ID_4MZBWE,1
ID_3yXRuA,1
ID_3dhWkJ,1
ID_34Scc3,1
ID_n6UgVF,0
ID_D7WYtp,0
ID_4TEJYr,1
ID_4XJNxm,1
ID_3povvo,0
ID_FBTLAT,0
ID_3fFGku,1
ID_n9Q3FK,0
ID_3RDj2T,0
ID_3zgHT9,0
ID_34DGa2,0
ID_4AxRMd,0
ID_RMCKXQ,1
ID_jJEnFU,0
ID_4ABRzn,0
ID_AbtDLg,0
ID_4QypF8,1
ID_3RyLmP,1
ID_4MCjsJ,0
ID_37z8gg,0
ID_uoQQme,0
ID_VYh3oC,1
ID_3k5e9u,1
ID_nZw5g4,1
ID_u3b5VT,0
ID_xKmj99,0
ID_ryqAhn,1
ID_roncwG,0
ID_4QjsFU,0
ID_9d8KhN,1
ID_3UYCQR,0
ID_4NdZqn,0
ID_3eGN4M,0
ID_3Wj6qP,1
ID_4SMZGy,0
ID_o94oRY,1
ID_suQL2B,0
ID_AiScgY,1
ID_4U5FWB,0
ID_qftniD,0
ID_3GqB2V,1
ID_3KSSDD,1
ID_4WH2ET,1
ID_a6Gy5q,0
ID_qBU6KH,1
ID_3HDhqQ,0
ID_cEDWcq,1
ID_3uhaaa,0
ID_ZVKzoT,1
ID_iFb2Gp,1
ID_3QAWrt,1
ID_3S2nfW,0
ID_3uX9CF,1
ID_YFgJmE,1
ID_cKtCx3,0
ID_3XaQRu,0
ID_3d3sri,0
ID_3Kkoqf,0
ID_3MRQ2M,1
ID_TSU9in,1
ID_44mMpR,1
ID_7CwgTd,0
ID_34YySh,1
ID_3VVciG,0
ID_xdMna2,0
ID_3FV3ZR,0
ID_4LtNGU,0
ID_4XK87A,1
ID_48DpWk,1
ID_4NNUPo,1
ID_3LmjEa,0
ID_3tRgPx,1
ID_EpFjiQ,0
ID_gSGW8J,0
ID_4MrxVU,0
ID_3GciCc,1
ID_CgPRUY,0
ID_vGrAAZ,0
ID_3JwmZL,1
ID_3JnoUc,1
ID_3Exyee,1
ID_WvUFYn,1
ID_qdqEVJ,0
ID_FdVReT,1
ID_3RS74j,1
ID_pfXvrP,0
ID_itpZ8h,1
ID_3w6nXW,1
ID_3ygJK6,1
ID_KWQoPq,1
ID_3gnicq,1
ID_3LjCc9,1
ID_4Dr79B,0
ID_3P2vxK,1
ID_4FvsQ4,1
ID_49Ah2h,0
ID_LisgWf,1
ID_4Nofgf,0
ID_FZbfoA,0
ID_3ZUPrf,0
ID_3vihLb,0
ID_3MvJgq,0
ID_3LEyq4,0
ID_4XE8sG,0
ID_GG29Fo,1
ID_4C8TLi,0
ID_xWiSXu,0
ID_3MgDgW,1
ID_37mmjy,0
ID_3YYgxG,0
ID_32Bato,0
ID_mK6QWX,1
ID_4X3mDg,0
ID_M6pbNq,0
ID_4A6N64,0
ID_QHR2uH,1
ID_ki4gfb,0
ID_3KPM7E,1
ID_3VevJa,1
ID_3EaLrU,1
ID_36GDav,0
ID_3NNEMH,0
ID_3Zwt3n,0
ID_3dzwL8,1
ID_Esn7Kn,0
ID_VzmKvu,1
ID_43nXyn,1
ID_KLNHGn,0
ID_4DSUrK,1
ID_3izdiH,1
ID_3RKEwp,1
ID_PpN9X8,1
ID_3rkzf2,0
ID_GfruxV,1
ID_jJnmpb,0
ID_xaxKxG,1
ID_4K3PEC,1
ID_4H7GKc,1
ID_4A92hE,0
ID_38bYjo,0
ID_nvpvtN,0
ID_3CZHZ5,1
ID_42BnAL,1
ID_38x5Dn,1
ID_3WtNqJ,0
ID_eGPKg7,0
ID_8snAn3,0
ID_EDyBp3,1
ID_XN9GCi,1
ID_42qtVS,1
ID_ZH6i6v,0
ID_49jq55,0
ID_3QN9Ai,1
ID_32jWmS,1
ID_4XZmtD,0
ID_3ispuA,1
ID_49bnz3,0
ID_hPTTGM,1
ID_FF7CvD,0
ID_tREwA8,1
ID_3uPDN6,1
ID_fzJNUA,0
ID_KbkuQP,1
ID_3AJ7Yh,1
ID_3KruZV,1
ID_fYq7d3,0
ID_zLnpJN,1
ID_3U6JGL,0
ID_3hme6p,1
ID_34Qc5x,0
ID_3gQhc2,1
ID_qusQEK,0
ID_4CckRH,0
ID_tsQ6Qm,1
ID_3GVRcq,0
ID_3kS7Jc,1
ID_3VupEL,0
ID_4PJqLZ,0
ID_4VeroU,1
ID_4Vqbnb,0
ID_3v7PsJ,0
ID_3tMLjv,0
ID_3UAfiy,0
ID_bhcdSc,1
ID_yEBmbN,0
ID_4NScg7,1
ID_4KMZwZ,0
ID_zPpuUu,1
ID_44mKHA,0
ID_KFuVZQ,0
ID_3ujdFe,1
ID_4W4RAy,0
ID_EsUzRq,1
ID_UXz32n,0
ID_3reZkz,0
ID_37NvN6,0
ID_3HaKcd,1
ID_3NDEeY,0
ID_3gdD8x,1
ID_AjeW2V,0
ID_8LQ2pr,0
ID_GRsAX9,1
ID_axkXTd,1
ID_4PGcmU,1
ID_akc9jK,0
ID_32bZQj,0
ID_qoffc3,1
ID_3j2BTT,1
ID_3iFEjf,0
ID_Ai3DiG,0
ID_4KdbkY,1
ID_cstLGa,0
ID_Ej3aRB,1
ID_GRTBb2,0
ID_pq4VpU,0
ID_4EaKD7,1
ID_DiGRxL,1
ID_3PKtXc,0
ID_3PCL6x,0
ID_4KytKq,0
ID_KpLHqH,0
ID_3W2L6F,0
ID_3gAo8p,1
ID_3YRxr8,1
ID_r84iio,1
ID_42AdTz,1
ID_4DA8eV,0
ID_4WRdLt,0
ID_3BHVLN,0
ID_ZATAjN,0
ID_3Xn8cx,0
ID_WVtGSi,0
ID_3Rz2TC,1
ID_3uonLx,1
ID_3N7XZg,0
ID_pTzgwN,0
ID_t4msEU,0
ID_3jEFpY,1
ID_3XTUdP,1
ID_YLtNw4,1
ID_34Rngs,1
ID_HSuzYv,0
ID_ocW2sL,1
ID_4WPfWh,1
ID_4QhBxE,0
ID_42iYa7,1
ID_49K94K,1
ID_4QikKB,1
ID_G6nkHN,1
ID_3Bgwtb,0
ID_3mTiMK,0
ID_3CN4CU,0
ID_TqbXXL,0
ID_QTMXjP,0
ID_3SR7t4,1
ID_3yhDwd,1
ID_gRWBNR,0
ID_49Z2Cp,0
ID_3U3YSX,1
ID_4WvUJA,0
ID_kpfFPD,0
ID_3dUR2m,0
ID_488saF,1
ID_3eAifx,1
ID_3wzCUE,0
ID_PJQqYL,1
ID_4XcCe5,0
ID_3xTWhv,1
ID_327aiH,1
ID_3iAMU7,1
ID_3xMQsx,1
ID_3ricvV,1
ID_SqV9ER,1
ID_38xLxY,0
ID_3y5sda,0
ID_3hDE8M,0
ID_xWKwfz,1
ID_34y5ZX,1
ID_3MpMaV,0
ID_3k48DV,0
ID_kVd9KP,0
ID_3iuwzN,1
ID_3eDJQS,0
ID_R4NHiw,1
ID_4VjNZf,1
ID_39Sw25,0
ID_cS8f9y,1
ID_4Ky7NK,0
ID_L7hkzH,0
ID_3kv9Wc,1
ID_3WmtUy,1
ID_4SGNVE,0
ID_4PUzUR,0
ID_3gT8n2,1
ID_3b5SnM,0
ID_3ccreK,0
ID_3HVbQj,1
ID_zy5TZa,0
ID_3fZH6w,1
ID_4G5vDy,0
ID_P2NK5E,0
ID_3kFicr,0
ID_tY8upK,1
ID_4E55tX,1
ID_xMXCTy,0
ID_th75kw,1
ID_xzwSGr,1
ID_eUaeav,1
ID_NMdKR5,0
ID_A4oE6u,1
ID_3YiVh8,0
ID_yizjne,0
ID_36cMgP,1
ID_43GgSm,0
ID_rybV8g,1
ID_3TQdhH,0
ID_3XRG6U,0
ID_gUHPLr,0
ID_WPEd36,1
ID_48Y7up,1
ID_XASNc7,1
ID_3HZExL,0
ID_BNMZrn,1
ID_4FUjiD,0
ID_44NTQW,0
ID_i5Ckbo,0
ID_33nUBT,0
ID_N7Uj4F,1
ID_3RgsHs,0
ID_hUXPn9,1
ID_462aP8,1
ID_4QT9mv,1
ID_3u2SrW,0
ID_TgVbo6,1
ID_36dBGx,1
ID_4Qi59S,1
ID_3SLAN6,0
ID_4D4YeT,1
ID_4NecuE,0
ID_3rKXRS,0
ID_49G3sx,0
ID_3ZRwrP,1
ID_48WANp,0
ID_3VqPKG,0
ID_hCCKD7,1
ID_3LA9rZ,0
ID_dQjfgb,1
ID_3w8tds,1
ID_3tUVNG,0
ID_4DbQVY,1
ID_7BxqWE,1
ID_3d5YSo,0
ID_4D27M7,1
ID_3QJavW,1
ID_3Jz3wh,1
ID_hHBnqW,1
ID_ENsusy,0
ID_48gjbw,0
ID_3G5E7j,1
ID_42yX5a,1
ID_4F2Ka4,0
ID_Sw6HPt,0
ID_7SAnFr,1
ID_vz8NQ7,1
ID_4LJLgN,0
ID_48DCND,1
ID_3JygZY,1
ID_Th3Ftz,0
ID_FJjTnE,0
ID_3apokz,1
ID_4LeVeF,1
ID_4JkdyA,0
ID_cPjgpB,1
ID_3nhnw9,1
ID_4KrjaJ,0
ID_43xNXV,1
ID_3pxAo3,0
ID_4LhXUu,0
ID_3srcmc,1
ID_3mz5eX,1
ID_3zZk9A,1
ID_iStD6B,1
ID_tUPLQv,0
ID_3XoobU,0
ID_3dbaQ7,1
ID_4Mv4Yk,1
ID_3n5D6A,0
ID_3qEjLj,0
ID_38NAR4,1
ID_t36xCo,1
ID_3bwDBt,0
ID_L3PhSk,1
ID_3eK48x,0
ID_3TiWn4,0
ID_335C8f,0
ID_TJuyex,1
ID_CrwAeH,1
ID_q9iMNU,1
ID_cZT9bf,1
ID_pQS7HP,0
ID_rzKsQN,1
ID_tP7Hwh,0
ID_9gyfXq,0
ID_i59Jak,0
ID_3W9asG,1
ID_3AzLnr,0
ID_4ALsXu,0
ID_4GdstN,0
ID_UrF8HP,1
ID_5TgRLL,0
ID_38zXtt,0
ID_soQDTW,1
ID_3Erw5p,0
ID_48D6vC,0
ID_sEgchX,1
ID_MmiUJa,1
ID_DEpsyD,1
ID_3uaekw,0
ID_33Ffwf,0
ID_LiSsvU,1
ID_UgeWRV,0
ID_3HZQr5,0
ID_33k5Ts,0
ID_3p3Meb,1
ID_53J8B3,1
ID_Zka7Pb,0
ID_39xFjL,1
ID_SmSFkT,0
ID_4XFHkz,0
ID_BosHSY,1
ID_4USN4w,1
ID_G6yT6d,1
ID_39iAdi,1
ID_3JwxBc,0
ID_X6RQhn,0
ID_329ASq,1
ID_Md9tiE,0
ID_47JTa9,0
ID_3ewsDc,0
ID_3fkjoP,1
ID_4XUego,1
ID_3r9BPJ,0
ID_4U29YL,0
ID_vEQbmz,1
ID_KEvJcz,1
ID_riCxTA,0
ID_43gKVs,1
ID_3rKANF,1
ID_ZBhyV2,1
ID_DhXQNx,0
ID_drk3op,0
ID_3StB9u,0
ID_LXGVGF,0
ID_VpoRKG,1
ID_3Ryxfb,1
ID_3D2jKA,1
ID_4Mdm2R,1
ID_3GBZUw,0
ID_R4GiEe,0
ID_37FuNb,1
ID_3XbGgK,1
ID_3mcuJs,1
ID_3Cvv9e,0
ID_KuGBrP,0
ID_3bCdg5,0
ID_3NhdkR,0
ID_3BoYYg,0
ID_4CtvWX,1
ID_3sudYd,0
ID_3a77PH,1
ID_thsK4q,0
ID_eSA94f,0
ID_uofp2R,0
ID_35YxXJ,1
ID_4Sh52B,0
ID_44wfDY,0
ID_3V2DHS,0
ID_m2WPtj,0
ID_47yb5n,0
ID_4Gv6sA,1
ID_3XqHoL,1
ID_3Be6wG,0
ID_3ksxuu,0
ID_a3GQg7,0
ID_hxMyNT,0
ID_3T7MvG,1
ID_4ReyMj,1
ID_4SCuzg,1
ID_43RyK2,1
ID_3rTxS8,1
ID_3YymSr,1
ID_48GWUH,1
ID_D4fudi,1
ID_3jmDUh,0
ID_3R7WAC,1
ID_49BdTY,0
ID_33P4T6,0
ID_3y9QDC,0
ID_4UVfbN,0
ID_4VmhfF,1
ID_KWAfFf,0
ID_4AAfWX,0
ID_3NU4KN,0
ID_4To29x,0
ID_3RdhLi,0
ID_4CPTd3,1
ID_3Jdqgk,1
ID_3isZEt,0
ID_RU6T3Y,1
ID_3cjtV6,1
ID_4MLHCW,0
ID_4PJhYK,0
ID_3kAUy9,1
ID_4LJQYX,1
ID_48gr4h,1
ID_4G935v,0
ID_3NV9cg,1
ID_44JGiX,1
ID_VQcYYj,0
ID_3NmL4W,1
ID_3H7CpA,0
ID_S4a3z6,1
ID_4Gv5m2,1
ID_3GVQgk,1
ID_oN6XdJ,0
ID_RgSkW9,1
ID_3Tj7DD,1
ID_vMtriX,1
ID_3oFvCx,1
ID_JmomfK,0
ID_3CEWZM,0
ID_RMmZaV,0
ID_4DhmjZ,1
ID_4MiTDx,0
ID_3BhrtX,0
ID_3d78Ec,1
ID_3rWCG6,1
ID_6sLyF2,0
ID_4WGF4z,0
ID_gtAwzw,0
ID_xVqotX,1
ID_4UtE7S,1
ID_dooqPZ,0
ID_3jnByV,1
ID_3gshPi,0
ID_tiLd5Z,0
ID_aE7vjm,0
ID_C5UWB2,1
ID_3VqVMM,1
ID_3XHD7x,1
ID_3PkYSC,0
ID_Acf32S,1
ID_NFrbVe,1
ID_3HXnkf,0
ID_3qSX4G,0
ID_4AvVwW,0
ID_gYaySP,1
ID_MZbZ6X,0
ID_3CppVw,0
ID_3ZYgP8,1
ID_3qvDbX,0
ID_SeFKAv,1
ID_U7uC3M,0
ID_3skSAF,0
ID_JaNXAR,1
ID_3eA58D,1
ID_Eo6L3x,0
ID_3yxyZd,0
ID_fEyoaM,1
ID_jsvjDK,0
ID_3AbVeG,1
ID_9rbgZC,0
ID_3sKJx9,0
ID_34kTU4,0
ID_4FCcaz,0
ID_epQ6wR,0
ID_3gtte7,0
ID_3uKg5P,0
ID_34ZPRn,1
ID_46BfTo,1
ID_3NYoty,0
ID_3mB4Gt,0
ID_VsF77k,0
ID_4Vbsda,0
ID_nxM6XG,0
ID_3pkenP,1
ID_4JgrZw,0
ID_wEsf7L,0
ID_xZx4Xu,0
ID_4LEAmi,1
ID_422SAL,0
ID_a6acrC,1
ID_f8XfHr,1
ID_5fSkkZ,0
ID_3ESvHT,1
ID_3JCbhB,0
ID_X4pGFx,0
ID_4BXEKL,1
ID_3TVPtZ,0
ID_33DpBY,0
ID_34WWcE,0
ID_3okiRY,1
ID_xHQDoE,1
ID_Mt6QSD,0
ID_3cETqZ,0
ID_4B4qEp,0
ID_3GXtJ2,0
ID_3LSAd6,1
ID_39sHw2,0
ID_3CJsgB,0
ID_cSYbSQ,0
ID_hjaCok,0
ID_3g8npb,1
ID_cz4vof,0
ID_3KSXRw,0
ID_3DHD2L,0
ID_cUK3bN,1
ID_Raawn6,0
ID_3TmNmo,0
ID_SeiJvf,0
ID_L9zjpX,0
ID_EcYLaT,0
ID_MhcqNq,0
ID_FCFTEj,1
ID_RPQzFp,0
ID_3UhdnB,1
ID_3RLHDt,1
ID_3DvPud,1
ID_3P6xkv,0
ID_38yDBN,1
ID_DrgMoB,0
ID_3m3Pge,0
ID_zLGBMn,1
ID_3zXr6y,1
ID_38onWg,0
ID_cFxtvk,0
ID_3FzEoE,0
ID_rKpQ2K,1
ID_TqcNgf,1
ID_37tvxd,0
ID_9GQ7gG,1
ID_4A6Ebx,0
ID_3gPmBJ,1
ID_48TVr2,1
ID_3rhTwF,0
ID_3XGDZ6,1
ID_3YHMV9,1
ID_3rgkk2,1
ID_46nTuf,0
ID_4LwYmy,0
ID_3rtwLB,1
ID_3Ev5SH,0
ID_3J2sdj,0
ID_3j4YT4,0
ID_3DLWPn,0
ID_3noJFz,0
ID_3NwhmC,0
ID_3DEjGE,0
ID_iyozVo,1
ID_3FccGF,1
ID_sGMgpu,0
ID_kQzFBw,0
ID_3tkuQZ,1
ID_3fF3Qp,1
ID_4RZQ68,0
ID_47s2S9,0
ID_Ketiem,0
ID_3w3DD8,1
ID_3y4axV,1
ID_NjuC97,1
ID_aVaJaF,1
ID_3sugn6,0
ID_oAH9p2,1
ID_4PUf2D,0
ID_tMAWBj,0
ID_3NyQ5N,0
ID_46uauf,1
ID_4F5tej,0
ID_3SZjwA,0
ID_ARLskc,0
ID_5Cafzq,0
ID_3uSScG,1
ID_zrbDsU,1
ID_3c4kE6,0
ID_4QAXzP,0
ID_TWaBnV,1
ID_3ay3PL,1
ID_9YMgsW,0
ID_3ZzRk3,0
ID_ctx3Ng,0
ID_dkFAmt,0
ID_3pFgBT,0
ID_48PeQz,0
ID_3txeqq,1
ID_36Qxbn,0
ID_8uE7Sh,1
ID_i9r3am,0
ID_3Q6Bfp,1
ID_ui5pkK,1
ID_GCrSzN,0
ID_hgQxmR,1
ID_3LSrra,0
ID_XZ98YY,1
ID_3uKNyX,0
ID_K8UPfK,0
ID_3icp3Y,1
ID_43yq6r,1
ID_38SpdZ,0
ID_4QoF7r,1
ID_35NhRm,0
ID_3Ktjgn,0
ID_QTyE2q,1
ID_3FkBUm,0
ID_3ykSq9,0
ID_3q4f6x,0
ID_4Vdkm8,0
ID_7FL4hZ,0
ID_74nTsg,0
ID_3T3Wpk,0
ID_aHZ3qV,1
ID_4AEMeA,1
ID_3YjaXp,1
ID_ZJ46ga,0
ID_3UVpsR,1
ID_cqA9bx,1
ID_3tHmLk,1
ID_itCxbE,1
ID_cpziam,1
ID_4DaQJv,1
ID_3Ej3XF,1
ID_42wa5G,0
ID_dJXjAF,1
ID_39TLJu,1
ID_9ShCdC,0
ID_M3yfGQ,0
ID_qdXd7U,0
ID_A76sT2,1
ID_cgVQfW,0
ID_3ZD5EB,1
ID_qSb7tQ,1
ID_PMAxsC,0
ID_3TQqYD,0
ID_4Mtxvi,1
ID_4XUXYi,0
ID_5DCeE6,1
ID_cmbnso,0
ID_35e9Tz,0
ID_gd8ULL,0
ID_vJQHeN,1
ID_3CA7gD,1
ID_4PYoSQ,0
ID_MRqG7Z,1
ID_3XQtUe,1
ID_FwXKVH,1
ID_48de9h,1
ID_3Jq9oR,1
ID_4SMCGj,1
ID_SXfSFJ,1
ID_3KwUgr,1
ID_3wz9vd,0
ID_3HEayz,0
ID_37gqyw,0
ID_wWDry7,0
ID_GLfSfC,0
ID_4MRo6s,1
ID_3JXbw5,0
ID_33kQWs,1
ID_bd2JDE,0
ID_LTnKAw,0
ID_3RUGrX,1
ID_45QYDx,1
ID_3nBvNX,1
ID_qNzQvU,0
ID_uMEoaf,0
ID_uFpyQF,0
ID_328bvU,0
ID_3BNjaC,1
ID_4HLAcf,0
ID_w7EFHp,0
ID_UnPMBw,0
ID_4FBxWz,1
ID_hbjGQw,1
ID_i3tyrf,1
ID_3KgSBS,0
ID_NSWFkj,0
ID_D5iUr8,1
ID_3EYZ9Y,1
ID_54ZavM,0
ID_NYF68u,0
ID_4BopRW,1
ID_3CKdkc,0
ID_x7JC2q,1
ID_4WHCt4,0
ID_467wk8,1
ID_4Mtdzb,0
ID_4Vu6bR,0
ID_p7dKku,0
ID_EC7d4D,1
ID_3pdiAm,0
ID_32PPmR,0
ID_3DixQP,0
ID_3EZgsa,0
ID_3NiQMs,0
ID_3q3Wss,0
ID_3JG68E,1
ID_36oDVn,1
ID_eCvyeA,0
ID_kQpqFX,0
ID_PRx2FR,0
ID_sS4mRu,1
ID_47iBwD,0
ID_46Wm9B,0
ID_6UNwrE,0
ID_3FxnTK,1
ID_4hAgPu,0
ID_4BUmQs,0
ID_M6386W,0
ID_4VCkiX,1
ID_7xWzay,1
ID_WY8sQs,0
ID_3r86Zi,0
ID_44W2Hj,0
ID_3nfH9n,0
ID_4AWE5V,1
ID_mvM3tx,1
ID_3rEgwN,1
ID_TagBJK,0
ID_3VJsE2,1
ID_3WTzKS,1
ID_VUwS4v,1
ID_3KpT3v,1
ID_BUrndf,1
ID_3VqeRy,1
ID_RGTtSL,1
ID_qqFHU6,0
ID_492wVN,1
ID_4P3qhU,1
ID_zMHcHG,1
ID_3jTV5D,0
ID_4BGbh6,1
ID_3ivV5V,1
ID_32ppvU,0
ID_4B4Noq,0
ID_3yZ2Rc,1
ID_nt8ktz,1
ID_48j7Yt,1
ID_42ytsC,0
ID_7xJyfE,1
ID_D5X3je,1
ID_37veFb,1
ID_3bBtfM,1
ID_3GSn8c,1
ID_394a9o,1
ID_3oVSDg,1
ID_3K7Dab,1
ID_3T5QgA,0
ID_7r4TF2,1
ID_3LeGoL,1
ID_iLuWWH,0
ID_qsMGG7,0
ID_aQgAr2,1
ID_3EB7R9,1
ID_my5kx5,0
ID_4NPgp6,1
ID_4C3x39,1
ID_eSxb5W,1
ID_4AE8AH,1
ID_4DTF7v,0
ID_LL4GjU,0
ID_ifVNk3,0
ID_4QV58t,0
ID_4WrrY2,0
ID_3sTdzW,1
ID_3n29xZ,1
ID_3S6JnM,1
ID_49B4ms,1
ID_3gVZ4n,1
ID_9TU5n6,1
ID_JjZySy,1
ID_ot9Ly2,1
ID_4DMBCC,0
ID_cTJptJ,0
ID_4EFH33,0
ID_V3b4pk,0
ID_8TBMDj,0
ID_ad3YLw,1
ID_3JxkEX,0
ID_GGvdxk,1
ID_Qburmb,0
ID_3S2LUs,1
ID_snvzQS,1
ID_4QAhfv,0
ID_4Fdwvf,1
ID_3MEMcg,1
ID_u7H2pq,0
ID_4WkBMi,0
ID_45kLwR,0
ID_3gMz9w,1
ID_3gq833,1
ID_pHuJHy,0
ID_3ztvSx,0
ID_3AauFP,0
ID_kPUWq9,0
ID_ADa2tY,0
ID_4D6gAz,1
ID_4FipfL,0
ID_49SALJ,0
ID_3Tv8wy,0
ID_RZ7H7E,1
ID_39jSME,0
ID_3LRb7d,1
ID_4HvoEZ,1
ID_4RN9aK,1
ID_3bZNRA,1
ID_3R4oh5,0
ID_4Aib6o,1
ID_3Nc82D,0
ID_gypxHw,0
ID_4zw3Kw,1
ID_4U6kqT,1
ID_43CoTE,0
ID_JDYfCi,1
ID_3SmWaH,1
ID_3VZBjB,0
ID_f9M2Uh,0
ID_ZZ4gK7,1
ID_zWaGV3,1
ID_4VQD8X,0
ID_XrCQdp,1
ID_4Q9cSH,0
ID_3hN2XZ,1
ID_QzyU59,1
ID_33Yjdz,1
ID_imgRkj,1
ID_4GoWoj,1
ID_3MWkhw,0
ID_3gvmZ6,1
ID_4EAseL,0
ID_4Xbmrz,1
ID_ErBmUC,0
ID_3DDTSZ,1
ID_wVL5Bp,0
ID_3pn9g5,1
ID_3YMPMn,0
ID_3AiD4r,0
ID_4FJCdN,0
ID_3ndqTB,0
ID_38dGXM,1
ID_ZRGaza,1
ID_3RJFSf,1
ID_3mo3Wu,0
ID_S9WLj7,1
ID_4BmRvT,0
ID_44LLtq,1
ID_3dbjNx,1
ID_aNPcwG,1
ID_43PQEX,0
ID_Rhw8t5,0
ID_4MzPqL,1
ID_6U3eQy,0
ID_3MCivv,1
ID_4TCrUb,1
ID_3SteqC,0
ID_3DRKzD,0
ID_Lkrgme,0
ID_d2UXux,0
ID_3XXrUy,1
ID_3GP3Db,1
ID_rpgUYh,1
ID_xUxxEw,1
ID_4XKmF5,0
ID_ReWr89,0
ID_4Uk5Ri,0
ID_4TpYJR,1
ID_3KSetD,1
ID_e7Ufda,0
ID_A55npJ,1
ID_zoVxxh,0
ID_4HbXJx,0
ID_ctjxPy,1
ID_n2GWYq,0
ID_4Lir7n,1
ID_9DpeGW,1
ID_eW6FUn,0
ID_3qmxkg,0
ID_36cQRn,0
ID_47auiR,0
ID_3CxvcP,1
ID_4CFmbd,0
ID_3NkXNK,1
ID_QdaxZy,1
ID_bRpGJj,0
ID_4K6U4w,1
ID_3q2sCU,1
ID_cYrRcS,0
ID_vGuEmY,1
ID_3487PN,0
ID_35FnVy,1
ID_4TaecK,0
ID_rN9pkP,1
ID_3QC8DE,1
ID_3SUuaY,1
ID_3MVBd6,1
ID_FQGCyM,0
ID_w3Ekap,0
ID_33BNMD,0
ID_3KCZUQ,0
ID_3sKzNF,0
ID_3A9Fk7,1
ID_3UEg8C,0
ID_3ncDkh,0
ID_h7Uxaz,0
ID_LgtdHg,1
ID_34RsVs,1
ID_ASKtcy,0
ID_3oqtvR,1
ID_3yxBYU,0
ID_379mRP,1
ID_49Jx2j,0
ID_3FMJVS,1
ID_FJJ26g,1
ID_FUhfXR,0
ID_3FQD55,0
ID_QGsp4m,0
ID_3cKugZ,0
ID_3zakMX,0
ID_4FfJ4j,1
ID_4QMibs,0
ID_3rBFQi,0
ID_5u2ejG,0
ID_3efdaB,0
ID_3GAcPy,1
ID_4UUecZ,0
ID_a9aDzX,1
ID_46LNZs,0
ID_3VhNBZ,1
ID_43swiR,1
ID_3ERsy4,1
ID_Azd3HS,1
ID_3nL4f8,0
ID_442yv9,1
ID_4HG9t4,0
ID_JnUAyQ,0
ID_48qXBC,0
ID_HxNRT9,0
ID_3ZmeiK,1
ID_ncAoeu,0
ID_DFbqJj,1
ID_4WUmZh,1
ID_3GBapR,0
ID_3cz5iw,1
ID_3JfaKM,0
ID_49dtuX,0
ID_rNpB4v,0
ID_BQeTMA,1
ID_CRRLM9,1
ID_3FRDcU,1
ID_F3kECt,0
ID_3Qk8sQ,1
ID_42gaxR,1
ID_3uZU3u,0
ID_iSsiPc,0
ID_36ti4r,0
ID_48nxMw,1
ID_3cynRK,1
ID_jeWmT4,1
ID_3kGxuZ,1
ID_3TgyfR,1
ID_4AUVz9,1
ID_EDP5NR,0
ID_rmeQfo,0
ID_i3JnSk,0
ID_4ER8Vh,1
ID_3FkXRe,1
ID_KpxFKs,1
ID_3fWCvz,1
ID_ZneZg2,1
ID_yvPBCf,1
ID_3kaNct,1
ID_4SBT8E,0
ID_3fYLyv,0
ID_3sPBsu,0
ID_4KvP4i,1
ID_FkRENX,0
ID_eHCPn3,0
ID_45jUoA,0
ID_3m7ppe,1
ID_3P5kjd,0
ID_4PXvhN,1
ID_35yAvs,0
ID_3q2LM3,0
ID_3mdKkA,1
ID_3D5E7r,1
ID_37ccHm,1
ID_Y9Dtkt,1
ID_Q5Y2Bp,1
ID_3znsFb,1
ID_3ESgYk,0
ID_5B6BL7,1
ID_3QaZEY,1
ID_3ijfCa,0
ID_43CWDh,1
ID_3DAsCY,1
ID_4T82os,0
ID_3EKrnm,0
ID_37Qg9g,1
ID_4GsNLX,0
ID_3Bfew6,0
ID_3HtU2x,0
ID_4TW7Se,1
ID_3KWEXX,0
ID_487iZJ,0
ID_bQvtpm,0
ID_bNoya8,1
ID_4LXBjf,0
ID_FeADzx,1
ID_3ZjZfT,0
ID_3u66Ls,0
ID_3QfrcQ,1
ID_4NDvpz,0
ID_4Ta7ys,1
ID_4EhunF,0
ID_PAGMb8,0
ID_4MsxDU,1
ID_3NEy3L,0
ID_3e29AV,0
ID_4SsbNa,1
ID_3hnSkt,1
ID_3Agkke,1
ID_4Wq3hd,1
ID_3SymVw,0
ID_4MyGzJ,1
ID_BNTnAF,1
ID_3G2WmL,0
ID_3LutbY,1
ID_4VR74h,1
ID_438MFY,0
ID_LJc5Dn,1
ID_xtUyVm,0
ID_4QcxZJ,1
ID_3QzVWJ,1
ID_4HywDH,1
ID_3k3bei,0
ID_3qapxg,0
ID_3PLCAt,1
ID_4PQRYn,0
ID_3dBE4Z,1
ID_46guYx,0
ID_PY82rj,1
ID_49uvFh,0
ID_36EYQs,0
ID_3uCsXj,0
ID_3uNENw,1
ID_iyc77L,0
ID_4LjoVH,1
ID_4Kgrgu,1
ID_33b3en,0
ID_3qYB4X,0
ID_3SPWc2,1
ID_vGYNWJ,0
ID_3DrVdP,1
ID_4S7vWG,0
ID_37VsND,0
ID_3Fqnxc,1
ID_429bSr,1
ID_4APsFK,1
ID_3xvmvR,1
ID_Uo4FuD,0
ID_CV8GND,1
ID_3zkQyL,0
ID_caaStJ,1
ID_39a9zZ,0
ID_4TxB7P,1
ID_3x95Ka,0
ID_GLrjRp,0
ID_3DzGqz,0
ID_34TmWA,1
ID_5E7HLd,0
ID_3rYdMP,1
ID_3TzsB7,0
ID_36qGDx,0
ID_3Y3KYf,0
ID_4VUSED,0
ID_4S6vBp,1
ID_iyrdDD,0
ID_xXf74B,1
ID_csFQfu,1
ID_43CksL,1
ID_42yDjS,0
ID_4PktLd,0
ID_3ADXUk,0
ID_3ghtM4,1
ID_4B4CaB,0
ID_4E2SyC,0
ID_3qUiC2,0
ID_3qvuVa,1
ID_4RxF8n,0
ID_qyTz6M,0
ID_37QBSK,1
ID_XFKNEN,1
ID_MABxsE,0
ID_xHGght,0
ID_44vQAX,0
ID_4D8yXc,0
ID_6oTSdW,0
ID_3cgsPh,1
ID_8dsx4P,0
ID_4XemBb,1
ID_4VsaZn,0
ID_4RzLQY,0
ID_XBnbJj,1
ID_4ExZFe,1
ID_32MTqw,1
ID_3ptMvp,1
ID_vXanVo,1
ID_TeoApg,1
ID_DHiHh6,0
ID_7DmezJ,1
ID_3UVnbY,0
ID_33iAjQ,1
ID_iEg5jx,1
ID_44nofC,1
ID_37A6ZG,0
ID_3PJG2s,1
ID_pAZCX6,0
ID_4J7ESx,1
ID_48GXC4,1
ID_44Qoqs,1
ID_yUzJae,0
ID_vvH6Gd,1
ID_3YP6Eu,1
ID_4FnTWE,1
ID_c9JiCF,0
ID_49h8Rk,1
ID_3BFp6v,0
ID_ZQTktJ,1
ID_4Xkq2F,0
ID_veMcs7,1
ID_36U7Sc,1
ID_35AiLm,1
ID_Gz54wV,0
ID_P7pKhi,0
ID_4ErnTz,0
ID_s4R52C,1
ID_4CCrov,1
ID_mVgfb7,1
ID_xV7Rq3,0
ID_3kP7gH,0
ID_7AgVwd,0
ID_4L6VUe,0
ID_d5q2re,0
ID_ZaGjJb,1
ID_3reMKf,1
ID_Lxbwit,1
ID_8Jpoo9,1
ID_3oZqdU,1
ID_kaf8Bb,0
ID_SC9dMS,1
ID_3Laqp6,1
ID_3PdU3F,1
ID_3PuoNb,0
ID_6zWcn5,1
ID_3X3xSf,0
ID_4W7ee9,1
ID_Xzbxd3,0
ID_w3ezJS,1
ID_3fnUix,1
ID_3jrkmi,0
ID_pS8Zrb,0
ID_3gvQbk,1
ID_xHLo3T,0
ID_yUFm38,0
ID_3gB7hy,0
ID_XJvUc8,1
ID_6FjBSS,0
ID_4QnRXB,0
ID_eq8LhB,1
ID_33n9rX,1
ID_4Kyhwe,0
ID_4RroKS,0
ID_4ESsC2,0
ID_3Xoa9Y,1
ID_3AtBq6,1
ID_3JyvdZ,0
ID_4H2oJg,1
ID_3dQD4F,0
ID_3SDnwv,0
ID_3mBkuH,0
ID_4PXELY,1
ID_3xRFpG,1
ID_XkAp8S,1
ID_36nP76,0
ID_3cBw54,0
ID_3UD8xL,1
ID_ccTgx6,1
ID_gQZgsr,1
ID_GfChZS,1
ID_3UmsxM,0
ID_48mdL7,0
ID_3557ij,0
ID_3aEAE2,1
ID_sWTvQ5,1
ID_Akw3hC,0
ID_3DoZPT,0
ID_RDWD9D,1
ID_3p77YF,1
ID_qWFk8g,0
ID_cPARhs,1
ID_WNCtqN,0
ID_br3uru,1
ID_hgPWtn,1
ID_m2hdDe,1
ID_4KEKb9,1
ID_4VAbgd,1
ID_VVTimr,0
ID_3dTaYk,1
ID_3Y92oy,0
ID_3fwRYp,0
ID_buqV8F,0
ID_3ZjnsD,0
ID_4JgpGT,1
ID_ggyh2M,1
ID_4MVqy4,1
ID_ZXE4Qk,0
ID_445wBQ,0
ID_h5GkCH,0
ID_YFmcpd,1
ID_3pQiJ4,1
ID_4JbF9L,1
ID_4K7mZW,0
ID_4DyZdf,0
ID_3TbKHg,1
ID_44ezs3,1
ID_kNwANT,0
ID_4Mbixg,1
ID_3bZ3V9,1
ID_LuGa9D,0
ID_3drMYz,1
ID_3feViy,1
ID_49ZszE,1
ID_cwjH7h,1
ID_LhNcop,1
ID_4Uc9hG,1
ID_3eCZ2L,0
ID_3tQMeM,1
ID_eHeDyX,0
ID_35qbE9,1
ID_3ueybn,1
ID_38weCE,0
ID_wxN2Vr,1
ID_3bYnBk,1
ID_3tQkQc,0
ID_9fripD,1
ID_3cCxTH,1
ID_fB4iBt,0
ID_9U82cB,1
ID_YL26r4,1
ID_JGdWXr,0
ID_3dMJSX,0
ID_4XqCp8,0
ID_sqnyxQ,1
ID_QtFggm,0
ID_DGYSPU,1
ID_4PGWJx,1
ID_3e3NiV,1
ID_3nKMKa,0
ID_3W73Sc,1
ID_BywJAZ,0
ID_dczvHo,0
ID_Xesd6x,0
ID_4Fwk5g,0
ID_3qth3R,1
ID_BrgEc9,0
ID_Xue26r,1
ID_pkuoxR,1
ID_TzXNhn,1
ID_3uRYk5,0
ID_4DU2ZL,0
ID_3gXAV4,0
ID_3g5ErY,0
ID_ZEiPaP,1
ID_h9dpuT,1
ID_38bnCx,1
ID_b6FVS9,1
ID_C3UX4d,1
ID_456AmT,0
ID_42pMbt,0
ID_W9Bzia,0
ID_XQ2ENp,0
